Year,Player,School,Pos,Round,Pick,draft_pick_value,w_av,expected_w_av_from_pick,over_expected_w_av,beat_pick_expectation,college_match_score,college_match_reason,height_inches,Weight,40yd,Vertical,Bench,Broad Jump,3Cone,Shuttle,combine_missing_40yd,combine_missing_vertical,combine_missing_broad_jump,combine_missing_bench,combine_missing_3cone,combine_missing_shuttle,cfbd_seasons_played,cfbd_final_conference,cfbd_team_talent,cfbd_career_receiving_rec,cfbd_career_receiving_yds,cfbd_career_receiving_td,cfbd_career_receiving_ypr,cfbd_career_receiving_yds_per_season,cfbd_final_receiving_rec,cfbd_final_receiving_yds,cfbd_final_receiving_td,cfbd_final_receiving_ypr,cfbd_final_yards_per_reception
2010,Arrelious Benn,Illinois,WR,2.0,39.0,0.16012815380508713,8.0,26.466081069715692,-18.466081069715692,0,12.5,"exact_name,school,position,final_season",73.0,219.0,4.57,37.0,20.0,118.0,,,0,0,0,0,1,1,3.0,Big Ten,,159.0,2221.0,7.0,41.1,740.3333333333334,38.0,490.0,2.0,12.9,12.894736842105264
2010,Dezmon Briscoe,Kansas,WR,6.0,191.0,0.07235746052924216,4.0,8.00623957480662,-4.006239574806621,0,12.5,"exact_name,school,position,final_season",74.0,207.0,4.66,33.0,9.0,115.0,7.1,4.57,0,0,0,0,0,0,3.0,Big 12,,217.0,3232.0,31.0,43.1,1077.3333333333333,84.0,1337.0,9.0,15.9,15.916666666666666
2010,Antonio Brown,Central Michigan,WR,6.0,195.0,0.0716114874039433,92.0,7.7654148459265215,84.23458515407347,1,12.5,"exact_name,school,position,final_season",70.0,186.0,4.56,33.5,13.0,105.0,6.98,4.18,0,0,0,0,0,0,3.0,Mid-American,,301.0,3176.0,22.0,31.6,1058.6666666666667,110.0,1198.0,9.0,10.9,10.89090909090909
2010,Dez Bryant,Oklahoma State,WR,1.0,24.0,0.20412414523193154,61.0,32.107379526667664,28.892620473332336,1,12.5,"exact_name,school,position,final_season",74.0,225.0,4.52,,,,,,0,1,1,1,1,1,3.0,Big 12,,142.0,2356.0,29.0,50.6,785.3333333333334,17.0,323.0,4.0,19.0,19.0
2010,Riley Cooper,Florida,WR,5.0,159.0,0.07930515857181442,17.0,10.136875781025921,6.863124218974079,1,12.5,"exact_name,school,position,final_season",75.0,222.0,4.53,33.0,,114.0,,,0,0,0,1,1,1,4.0,SEC,,81.0,1496.0,18.0,79.1,374.0,51.0,961.0,9.0,18.8,18.84313725490196
2010,Eric Decker,Minnesota,WR,3.0,87.0,0.10721125348377948,45.0,17.143314740798452,27.856685259201548,1,12.5,"exact_name,school,position,final_season",75.0,217.0,4.54,,15.0,,,,0,1,1,0,1,1,4.0,Big Ten,,227.0,3119.0,24.0,56.1,779.75,50.0,758.0,5.0,15.2,15.16
2010,Marcus Easley,Connecticut,WR,4.0,107.0,0.09667364890456635,1.0,14.739024888294615,-13.739024888294615,0,12.5,"exact_name,school,position,final_season",75.0,210.0,4.39,34.0,16.0,123.0,6.94,4.6,0,0,0,0,0,0,3.0,Big East,,53.0,997.0,8.0,52.1,332.3333333333333,48.0,893.0,8.0,18.6,18.604166666666668
2010,Jacoby Ford,Clemson,WR,4.0,108.0,0.09622504486493763,12.0,14.630936878861895,-2.6309368788618954,0,12.5,"exact_name,school,position,final_season",69.0,186.0,4.28,33.5,15.0,115.0,7.0,4.44,0,0,0,0,0,0,4.0,ACC,,140.0,1919.0,15.0,55.0,479.75,56.0,779.0,6.0,13.9,13.910714285714286
2010,Mardy Gilyard,Cincinnati,WR,4.0,99.0,0.10050378152592121,1.0,15.64195489091707,-14.64195489091707,0,12.5,"exact_name,school,position,final_season",72.0,187.0,4.61,39.0,,116.0,6.92,4.4,0,0,0,1,0,0,3.0,Big East,,204.0,3003.0,25.0,44.4,1001.0,87.0,1191.0,11.0,13.7,13.689655172413794
2010,Trindon Holliday,LSU,WR,6.0,197.0,0.07124704998790965,4.0,7.646848743410253,-3.646848743410253,0,10.5,"exact_name,school,final_season",65.0,166.0,4.34,42.0,10.0,116.0,6.54,4.48,0,0,0,0,0,0,4.0,SEC,,7.0,72.0,0.0,30.0,18.0,3.0,36.0,0.0,12.0,12.0
2010,Brandon LaFell,LSU,WR,3.0,78.0,0.11322770341445956,43.0,18.412142506774813,24.587857493225187,1,12.5,"exact_name,school,position,final_season",74.0,211.0,4.58,36.0,,115.0,6.81,4.23,0,0,0,1,0,0,4.0,SEC,,175.0,2517.0,25.0,69.7,629.25,57.0,792.0,11.0,13.9,13.894736842105264
2010,Dexter McCluster,Mississippi,WR,2.0,36.0,0.16666666666666666,21.0,27.396127484235215,-6.396127484235215,0,12.5,"exact_name,school,position,final_season",69.0,172.0,4.53,37.5,20.0,118.0,,4.06,0,0,0,0,1,0,4.0,SEC,,130.0,1703.0,7.0,53.6,425.75,44.0,520.0,3.0,11.8,11.818181818181818
2010,Kerry Meier,Kansas,WR,5.0,165.0,0.0778498944161523,0.0,9.706479272501234,-9.706479272501234,0,12.5,"exact_name,school,position,final_season",74.0,224.0,4.62,35.0,13.0,115.0,,4.23,0,0,0,0,1,0,4.0,Big 12,,225.0,2302.0,18.0,36.0,575.5,102.0,985.0,8.0,9.7,9.656862745098039
2010,Carlton Mitchell,South Florida,WR,6.0,177.0,0.07516460280028289,0.0,8.890749508218867,-8.890749508218867,0,12.5,"exact_name,school,position,final_season",75.0,215.0,4.46,36.0,16.0,122.0,6.96,4.55,0,0,0,0,0,0,3.0,Big East,,105.0,1648.0,9.0,46.7,549.3333333333334,40.0,706.0,4.0,17.7,17.65
2010,Taylor Price,Ohio,WR,3.0,90.0,0.10540925533894598,1.0,16.74939982338693,-15.74939982338693,0,12.5,"exact_name,school,position,final_season",72.0,204.0,4.4,37.0,16.0,114.0,6.82,4.34,0,0,0,0,0,0,4.0,Mid-American,,149.0,2019.0,14.0,50.3,504.75,56.0,784.0,5.0,14.0,14.0
2010,David Reed,Utah,WR,5.0,156.0,0.08006407690254357,2.0,10.358203943833942,-8.358203943833942,0,12.5,"exact_name,school,position,final_season",72.0,191.0,4.56,37.0,15.0,114.0,6.95,4.38,0,0,0,0,0,0,2.0,Mountain West,,106.0,1615.0,11.0,31.8,807.5,81.0,1188.0,5.0,14.7,14.666666666666666
2010,Emmanuel Sanders,SMU,WR,3.0,82.0,0.11043152607484653,63.0,17.83105256496797,45.16894743503203,1,12.5,"exact_name,school,position,final_season",71.0,186.0,4.4,39.5,12.0,126.0,6.64,4.1,0,0,0,0,0,0,4.0,Conference USA,,285.0,3791.0,34.0,53.2,947.75,98.0,1339.0,7.0,13.7,13.66326530612245
2010,Jordan Shipley,Texas,WR,3.0,84.0,0.1091089451179962,7.0,17.551054022986932,-10.551054022986932,0,12.5,"exact_name,school,position,final_season",71.0,193.0,4.6,36.5,16.0,116.0,,,0,0,0,0,1,1,4.0,Big 12,,248.0,3191.0,33.0,54.400000000000006,797.75,116.0,1485.0,13.0,12.8,12.801724137931034
2010,Golden Tate,Notre Dame,WR,2.0,60.0,0.12909944487358055,58.0,21.46065186581938,36.53934813418062,1,12.5,"exact_name,school,position,final_season",70.0,199.0,4.42,35.0,17.0,120.0,7.12,4.34,0,0,0,0,0,0,3.0,FBS Independents,,157.0,2707.0,26.0,56.5,902.3333333333334,93.0,1496.0,15.0,16.1,16.086021505376344
2010,Demaryius Thomas,Georgia Tech,WR,1.0,22.0,0.21320071635561041,69.0,33.11839753872284,35.88160246127716,1,12.5,"exact_name,school,position,final_season",75.0,224.0,4.52,,,,,,0,1,1,1,1,1,3.0,ACC,,120.0,2339.0,15.0,57.1,779.6666666666666,46.0,1154.0,8.0,25.1,25.08695652173913
2010,Damian Williams,USC,WR,3.0,77.0,0.11396057645963795,10.0,18.562072035042107,-8.562072035042107,0,12.5,"exact_name,school,position,final_season",73.0,197.0,4.52,38.0,19.0,118.0,6.79,4.24,0,0,0,0,0,0,2.0,Pac-10,,128.0,1879.0,15.0,29.4,939.5,70.0,1010.0,6.0,14.4,14.428571428571429
2010,Kyle Williams,Arizona State,WR,6.0,206.0,0.06967330142916177,6.0,7.127782810917331,-1.1277828109173313,0,11.0,"exact_name,school,position",70.0,188.0,4.4,33.0,11.0,118.0,7.0,4.19,0,0,0,0,0,0,8.0,Pac-12,686.44,270.0,3376.0,29.0,109.5,422.0,45.0,482.0,2.0,10.7,10.71111111111111
2010,Mike Williams,Syracuse,WR,4.0,101.0,0.09950371902099892,25.0,15.409559599713191,9.590440400286809,1,12.5,"exact_name,school,position,final_season",73.0,221.0,4.53,33.5,8.0,116.0,6.9,4.31,0,0,0,0,0,0,3.0,Big East,,133.0,2044.0,20.0,48.4,681.3333333333334,49.0,746.0,6.0,15.2,15.224489795918368
2011,Vincent Brown,San Diego State,WR,3.0,82.0,0.11043152607484653,9.0,17.83105256496797,-8.831052564967969,0,12.5,"exact_name,school,position,final_season",71.0,187.0,4.68,33.5,12.0,121.0,6.64,4.25,0,0,0,0,0,0,4.0,Mountain West,,209.0,3110.0,23.0,58.1,777.5,69.0,1352.0,10.0,19.6,19.594202898550726
2011,Randall Cobb,Kentucky,WR,2.0,64.0,0.125,64.0,20.71075444321837,43.28924555678163,1,12.5,"exact_name,school,position,final_season",70.0,191.0,4.46,33.5,16.0,115.0,7.08,4.34,0,0,0,0,0,0,3.0,SEC,,144.0,1661.0,13.0,33.0,553.6666666666666,84.0,1017.0,7.0,12.1,12.107142857142858
2011,Tandon Doss,Indiana,WR,4.0,123.0,0.09016696346674323,4.0,13.119800522535527,-9.119800522535527,0,12.5,"exact_name,school,position,final_season",74.0,201.0,4.62,,14.0,,,,0,1,1,0,1,1,3.0,Big Ten,,154.0,1854.0,13.0,37.0,618.0,63.0,706.0,7.0,11.2,11.206349206349206
2011,Leonard Hankerson,Miami (FL),WR,3.0,79.0,0.1125087900926024,12.0,18.264122960795767,-6.264122960795767,0,9.5,"exact_name,position,final_season",73.0,209.0,4.4,36.0,14.0,117.0,6.94,4.21,0,0,0,0,0,0,4.0,ACC,,134.0,2160.0,22.0,57.1,540.0,72.0,1156.0,13.0,16.1,16.055555555555557
2011,Dwayne Harris,East Carolina,WR,6.0,176.0,0.07537783614444091,12.0,8.956581849900225,3.0434181500997752,1,12.5,"exact_name,school,position,final_season",70.0,203.0,4.53,34.0,10.0,111.0,6.77,4.21,0,0,0,0,0,0,4.0,Conference USA,,268.0,3001.0,20.0,43.7,750.25,101.0,1123.0,10.0,11.1,11.118811881188119
2011,Jerrel Jernigan,Troy,WR,3.0,83.0,0.10976425998969035,2.0,17.690209904469953,-15.690209904469953,0,12.5,"exact_name,school,position,final_season",69.0,185.0,4.46,37.5,11.0,124.0,7.07,4.25,0,0,0,0,0,0,4.0,Sun Belt,,262.0,3128.0,18.0,47.8,782.0,84.0,822.0,6.0,9.8,9.785714285714286
2011,Julio Jones,Alabama,WR,1.0,6.0,0.4082482904638631,101.0,48.215256652549414,52.784743347450586,1,12.5,"exact_name,school,position,final_season",75.0,220.0,4.34,38.5,17.0,135.0,6.66,4.25,0,0,0,0,0,0,3.0,SEC,,179.0,2653.0,15.0,44.3,884.3333333333334,78.0,1133.0,7.0,14.5,14.525641025641026
2011,Jeremy Kerley,TCU,WR,5.0,153.0,0.08084520834544433,23.0,10.58383000838299,12.41616999161701,1,12.5,"exact_name,school,position,final_season",69.0,189.0,4.56,34.5,16.0,120.0,,,0,0,0,0,1,1,4.0,Mountain West,,120.0,1299.0,12.0,41.8,324.75,56.0,575.0,10.0,10.3,10.267857142857142
2011,Greg Little,North Carolina,WR,2.0,59.0,0.13018891098082389,12.0,21.65594011359218,-9.65594011359218,0,11.5,"exact_name,school,position,season_window",74.0,231.0,4.51,40.5,27.0,129.0,6.8,4.21,0,0,0,0,0,0,3.0,ACC,,86.0,969.0,6.0,32.6,323.0,62.0,724.0,5.0,11.7,11.67741935483871
2011,Denarius Moore,Tennessee,WR,5.0,148.0,0.08219949365267865,15.0,10.969891341700745,4.030108658299255,1,12.5,"exact_name,school,position,final_season",72.0,194.0,4.43,36.0,13.0,118.0,6.78,4.15,0,0,0,0,0,0,4.0,SEC,,112.0,2004.0,18.0,74.1,501.0,47.0,981.0,9.0,20.9,20.872340425531913
2011,Niles Paul,Nebraska,WR,5.0,155.0,0.08032193289024989,7.0,10.432926884470199,-3.4329268844701986,0,12.5,"exact_name,school,position,final_season",73.0,224.0,4.45,34.5,24.0,117.0,6.9,4.14,0,0,0,0,0,0,4.0,Big 12,,103.0,1532.0,5.0,48.4,383.0,39.0,516.0,1.0,13.2,13.23076923076923
2011,Austin Pettis,Boise State,WR,3.0,78.0,0.11322770341445956,8.0,18.412142506774813,-10.412142506774813,0,12.5,"exact_name,school,position,final_season",75.0,209.0,4.56,33.5,14.0,120.0,6.68,3.88,0,0,0,0,0,0,4.0,Western Athletic,,229.0,2838.0,39.0,48.7,709.5,71.0,951.0,10.0,13.4,13.394366197183098
2011,Kealoha Pilares,Hawaii,WR,5.0,132.0,0.08703882797784893,1.0,12.299268370408647,-11.299268370408647,0,12.5,"exact_name,school,position,final_season",70.0,199.0,4.42,,19.0,,,,0,1,1,0,1,1,4.0,Western Athletic,,209.0,2491.0,22.0,43.4,622.75,88.0,1306.0,15.0,14.8,14.840909090909092
2011,Aldrick Robinson,SMU,WR,6.0,178.0,0.07495316889958614,12.0,8.825288054937054,3.1747119450629455,1,12.5,"exact_name,school,position,final_season",70.0,184.0,4.35,40.0,17.0,126.0,6.65,4.09,0,0,0,0,0,0,4.0,Conference USA,,181.0,3314.0,30.0,71.3,828.5,65.0,1301.0,14.0,20.0,20.015384615384615
2011,Greg Salas,Hawaii,WR,4.0,112.0,0.0944911182523068,4.0,14.20836750247851,-10.20836750247851,0,12.5,"exact_name,school,position,final_season",73.0,210.0,4.53,37.0,15.0,120.0,6.65,4.1,0,0,0,0,0,0,4.0,Western Athletic,,285.0,4345.0,26.0,57.2,1086.25,119.0,1889.0,14.0,15.9,15.873949579831933
2011,DeMarco Sampson,San Diego State,WR,7.0,249.0,0.06337242505244779,0.0,4.925019299096633,-4.925019299096633,0,12.5,"exact_name,school,position,final_season",74.0,204.0,4.41,,14.0,,,,0,1,1,0,1,1,3.0,Mountain West,,140.0,2182.0,17.0,42.0,727.3333333333334,67.0,1220.0,8.0,18.2,18.208955223880597
2011,Torrey Smith,Maryland,WR,2.0,58.0,0.13130643285972254,37.0,21.854566783230908,15.145433216769092,1,12.5,"exact_name,school,position,final_season",73.0,204.0,4.41,41.0,19.0,126.0,6.72,4.13,0,0,0,0,0,0,3.0,ACC,,152.0,2215.0,19.0,43.2,738.3333333333334,67.0,1055.0,12.0,15.7,15.746268656716419
2011,Ryan Whalen,Stanford,WR,6.0,167.0,0.07738232325341368,0.0,9.566485082354781,-9.566485082354781,0,12.5,"exact_name,school,position,final_season",73.0,202.0,4.53,38.5,18.0,123.0,6.67,4.09,0,0,0,0,0,0,4.0,Pac-10,,140.0,1884.0,7.0,50.3,471.0,41.0,439.0,2.0,10.7,10.707317073170731
2011,Titus Young,Boise State,WR,2.0,44.0,0.15075567228888181,8.0,25.064458975781967,-17.064458975781967,0,12.5,"exact_name,school,position,final_season",71.0,174.0,4.43,,,123.0,,,0,1,0,1,1,1,4.0,Western Athletic,,204.0,3063.0,25.0,61.6,765.75,71.0,1215.0,9.0,17.1,17.112676056338028
2012,Joe Adams,Arkansas,WR,4.0,104.0,0.09805806756909202,0.0,15.06945598626639,-15.06945598626639,0,12.5,"exact_name,school,position,final_season",71.0,179.0,4.51,36.0,,123.0,7.09,,0,0,0,1,0,1,4.0,SEC,,164.0,2410.0,17.0,60.2,602.5,54.0,652.0,3.0,12.1,12.074074074074074
2012,Travis Benjamin,Miami (FL),WR,4.0,100.0,0.1,25.0,15.525176247403529,9.474823752596471,1,9.5,"exact_name,position,final_season",70.0,172.0,4.31,38.0,14.0,119.0,,,0,0,0,0,1,1,4.0,ACC,,131.0,2146.0,13.0,65.8,536.5,41.0,609.0,3.0,14.9,14.853658536585366
2012,Justin Blackmon,Oklahoma State,WR,1.0,5.0,0.4472135954999579,9.0,50.33371959707445,-41.33371959707445,0,12.5,"exact_name,school,position,final_season",73.0,207.0,4.46,,14.0,,,,0,1,1,0,1,1,3.0,Big 12,,252.0,3564.0,40.0,41.7,1188.0,121.0,1522.0,18.0,12.6,12.578512396694215
2012,LaVon Brazill,Ohio,WR,6.0,206.0,0.06967330142916177,3.0,7.127782810917331,-4.127782810917331,0,12.5,"exact_name,school,position,final_season",71.0,192.0,4.43,32.5,11.0,,,,0,0,1,0,1,1,5.0,Mid-American,,187.0,2515.0,18.0,59.6,503.0,72.0,1150.0,11.0,16.0,15.972222222222221
2012,Ryan Broyles,Oklahoma,WR,2.0,54.0,0.13608276348795434,3.0,22.684875441802767,-19.684875441802767,0,12.5,"exact_name,school,position,final_season",70.0,192.0,4.57,,21.0,,,,0,1,1,0,1,1,4.0,Big 12,,349.0,4586.0,45.0,53.8,1146.5,83.0,1157.0,10.0,13.9,13.939759036144578
2012,Juron Criner,Arizona,WR,5.0,168.0,0.07715167498104596,1.0,9.49711546004606,-8.49711546004606,0,12.5,"exact_name,school,position,final_season",74.0,224.0,4.66,38.0,17.0,117.0,7.15,4.3,0,0,0,0,0,0,4.0,Pac-12,,209.0,2859.0,32.0,53.2,714.75,75.0,956.0,11.0,12.7,12.746666666666666
2012,B.J. Cunningham,Michigan State,WR,6.0,183.0,0.07392212709545729,0.0,8.503401065819268,-8.503401065819268,0,12.5,"exact_name,school,position,final_season",73.0,211.0,4.52,31.5,12.0,116.0,7.1,,0,0,0,0,0,1,4.0,Big Ten,,218.0,3086.0,25.0,55.0,771.5,79.0,1306.0,12.0,16.5,16.531645569620252
2012,Michael Floyd,Notre Dame,WR,1.0,13.0,0.2773500981126146,28.0,39.231271675089005,-11.231271675089005,0,12.5,"exact_name,school,position,final_season",75.0,220.0,4.4,36.5,16.0,122.0,,,0,0,0,0,1,1,4.0,FBS Independents,,271.0,3686.0,37.0,57.6,921.5,100.0,1147.0,9.0,11.5,11.47
2012,Chris Givens,Wake Forest,WR,4.0,96.0,0.10206207261596577,12.0,15.999502400785921,-3.9995024007859215,0,12.5,"exact_name,school,position,final_season",71.0,198.0,4.35,33.5,19.0,118.0,6.97,4.23,0,0,0,0,0,0,3.0,ACC,,163.0,2473.0,21.0,44.7,824.3333333333334,83.0,1330.0,9.0,16.0,16.02409638554217
2012,Junior Hemingway,Michigan,WR,7.0,238.0,0.06482037235521644,2.0,5.4500085895671475,-3.4500085895671475,0,12.5,"exact_name,school,position,final_season",73.0,225.0,4.48,35.5,21.0,124.0,6.59,3.98,0,0,0,0,0,0,5.0,Big Ten,,87.0,1601.0,11.0,85.2,320.2,33.0,662.0,4.0,20.1,20.060606060606062
2012,Stephen Hill,Georgia Tech,WR,2.0,43.0,0.15249857033260467,4.0,25.331582860241483,-21.331582860241483,0,12.5,"exact_name,school,position,final_season",76.0,215.0,4.36,39.5,14.0,133.0,6.88,4.48,0,0,0,0,0,0,3.0,ACC,,49.0,1248.0,9.0,71.5,416.0,28.0,820.0,5.0,29.3,29.285714285714285
2012,T.Y. Hilton,Florida International,WR,3.0,92.0,0.10425720702853739,72.0,16.494018615242034,55.505981384757966,1,12.5,"exact_name,school,position,final_season",69.0,183.0,4.34,,,,,,0,1,1,1,1,1,4.0,Sun Belt,,226.0,3515.0,23.0,65.0,878.75,69.0,1022.0,6.0,14.8,14.81159420289855
2012,Alshon Jeffery,South Carolina,WR,2.0,45.0,0.14907119849998599,48.0,24.803338386327802,23.196661613672198,1,12.5,"exact_name,school,position,final_season",75.0,216.0,4.48,,,,,,0,1,1,1,1,1,3.0,SEC,,183.0,3042.0,23.0,49.4,1014.0,49.0,762.0,8.0,15.6,15.551020408163266
2012,A.J. Jenkins,Illinois,WR,1.0,30.0,0.18257418583505536,2.0,29.51459042876025,-27.51459042876025,0,12.5,"exact_name,school,position,final_season",72.0,190.0,4.37,38.5,12.0,124.0,,,0,0,0,0,1,1,4.0,Big Ten,,167.0,2432.0,19.0,65.9,608.0,90.0,1276.0,8.0,14.2,14.177777777777777
2012,Keshawn Martin,Michigan State,WR,4.0,121.0,0.09090909090909091,7.0,13.310286382463815,-6.310286382463815,0,12.5,"exact_name,school,position,final_season",71.0,188.0,4.42,39.5,13.0,122.0,6.85,4.13,0,0,0,0,0,0,4.0,Big Ten,,127.0,1714.0,10.0,58.900000000000006,428.5,66.0,777.0,4.0,11.8,11.772727272727273
2012,Rishard Matthews,Nevada,WR,7.0,227.0,0.0663723311599972,22.0,5.9998451443447465,16.000154855655254,1,12.5,"exact_name,school,position,final_season",72.0,217.0,4.54,36.0,20.0,,6.88,4.19,0,0,1,0,0,0,2.0,Western Athletic,,147.0,2243.0,13.0,30.7,1121.5,91.0,1364.0,8.0,15.0,14.989010989010989
2012,Marvin McNutt,Iowa,WR,6.0,194.0,0.07179581586177382,0.0,7.82515470618312,-7.82515470618312,0,12.5,"exact_name,school,position,final_season",75.0,216.0,4.48,37.0,,122.0,7.15,4.07,0,0,0,1,0,0,4.0,Big Ten,,170.0,2861.0,28.0,63.0,715.25,82.0,1315.0,12.0,16.0,16.036585365853657
2012,DeVier Posey,Ohio State,WR,3.0,68.0,0.12126781251816648,2.0,20.00633409324788,-18.00633409324788,0,12.5,"exact_name,school,position,final_season",74.0,211.0,4.39,36.5,14.0,123.0,7.03,4.15,0,0,0,0,0,0,4.0,Big Ten,,136.0,1955.0,18.0,53.9,488.75,12.0,162.0,2.0,13.5,13.5
2012,Rueben Randle,LSU,WR,2.0,63.0,0.1259881576697424,21.0,20.893740543495355,0.1062594565046453,1,12.5,"exact_name,school,position,final_season",75.0,210.0,4.55,31.0,15.0,121.0,6.99,4.36,0,0,0,0,0,0,3.0,SEC,,97.0,1634.0,13.0,49.5,544.6666666666666,53.0,917.0,8.0,17.3,17.30188679245283
2012,Mohamed Sanu,Rutgers,WR,3.0,83.0,0.10976425998969035,41.0,17.690209904469953,23.309790095530047,1,12.5,"exact_name,school,position,final_season",73.0,211.0,4.62,36.0,19.0,126.0,6.88,4.22,0,0,0,0,0,0,3.0,Big East,,210.0,2263.0,12.0,32.5,754.3333333333334,115.0,1206.0,7.0,10.5,10.486956521739131
2012,Tommy Streeter,Miami (FL),WR,6.0,198.0,0.07106690545187015,0.0,7.588016327976199,-7.588016327976199,0,9.5,"exact_name,position,final_season",77.0,219.0,4.37,33.0,17.0,125.0,7.08,,0,0,0,0,0,1,3.0,ACC,,52.0,967.0,9.0,82.4,322.3333333333333,46.0,811.0,8.0,17.6,17.630434782608695
2012,Nick Toon,Wisconsin,WR,4.0,122.0,0.09053574604251853,3.0,13.214653108251717,-10.214653108251717,0,12.5,"exact_name,school,position,final_season",74.0,215.0,4.49,37.5,18.0,,,,0,0,1,0,1,1,4.0,Big Ten,,171.0,2447.0,18.0,57.3,611.75,64.0,926.0,10.0,14.5,14.46875
2012,Jordan White,West. Michigan,WR,7.0,244.0,0.06401843996644799,0.0,5.160714545310846,-5.160714545310846,0,12.5,"exact_name,school,position,final_season",72.0,208.0,4.63,35.0,14.0,119.0,6.84,4.13,0,0,0,0,0,0,4.0,Mid-American,,294.0,4068.0,32.0,52.9,1017.0,128.0,1792.0,17.0,14.0,14.0
2012,Jarius Wright,Arkansas,WR,4.0,118.0,0.09205746178983235,24.0,13.602001550651302,10.397998449348698,1,12.5,"exact_name,school,position,final_season",70.0,182.0,4.39,38.0,11.0,120.0,6.93,4.03,0,0,0,0,0,0,4.0,SEC,,168.0,2934.0,24.0,70.6,733.5,66.0,1117.0,12.0,16.9,16.924242424242426
2012,Kendall Wright,Baylor,WR,1.0,20.0,0.22360679774997896,28.0,34.2258424711927,-6.225842471192699,0,12.5,"exact_name,school,position,final_season",70.0,196.0,4.49,38.5,,121.0,6.93,4.18,0,0,0,1,0,0,4.0,Big 12,,302.0,4004.0,30.0,51.8,1001.0,108.0,1663.0,14.0,15.4,15.398148148148149
2012,Devon Wylie,Fresno State,WR,4.0,107.0,0.09667364890456635,0.0,14.739024888294615,-14.739024888294615,0,12.5,"exact_name,school,position,final_season",69.0,187.0,4.36,39.0,17.0,123.0,,,0,0,0,0,1,1,5.0,Western Athletic,,98.0,1327.0,8.0,103.7,265.4,56.0,716.0,1.0,12.8,12.785714285714286
2013,Keenan Allen,California,WR,3.0,76.0,0.11470786693528087,80.0,18.713961481881036,61.286038518118964,1,12.5,"exact_name,school,position,final_season",74.0,206.0,4.58,,,,,,0,1,1,1,1,1,3.0,Pac-12,,205.0,2570.0,17.0,36.5,856.6666666666666,61.0,737.0,6.0,12.1,12.081967213114755
2013,Tavon Austin,West Virginia,WR,1.0,8.0,0.35355339059327373,26.0,44.87257013204099,-18.87257013204099,0,12.5,"exact_name,school,position,final_season",68.0,174.0,4.34,32.0,14.0,120.0,,4.01,0,0,0,0,1,0,4.0,Big 12,,288.0,3413.0,29.0,46.7,853.25,114.0,1289.0,12.0,11.3,11.307017543859649
2013,Stedman Bailey,West Virginia,WR,3.0,92.0,0.10425720702853739,7.0,16.494018615242034,-9.494018615242034,0,12.5,"exact_name,school,position,final_season",70.0,193.0,4.52,34.5,11.0,117.0,6.81,4.09,0,0,0,0,0,0,3.0,Big 12,,210.0,3218.0,41.0,45.2,1072.6666666666667,114.0,1622.0,25.0,14.2,14.228070175438596
2013,Josh Boyce,TCU,WR,4.0,102.0,0.09901475429766744,1.0,15.295082050815438,-14.295082050815438,0,12.5,"exact_name,school,position,final_season",71.0,206.0,4.38,34.0,22.0,131.0,6.68,4.1,0,0,0,0,0,0,3.0,Big 12,,161.0,2535.0,22.0,48.9,845.0,66.0,891.0,7.0,13.5,13.5
2013,Aaron Dobson,Marshall,WR,2.0,59.0,0.13018891098082389,6.0,21.65594011359218,-15.65594011359218,0,12.5,"exact_name,school,position,final_season",75.0,210.0,4.37,,,,,,0,1,1,1,1,1,4.0,Conference USA,,165.0,2398.0,24.0,65.3,599.5,57.0,679.0,3.0,11.9,11.912280701754385
2013,Marquise Goodwin,Texas,WR,3.0,78.0,0.11322770341445956,24.0,18.412142506774813,5.5878574932251865,1,12.5,"exact_name,school,position,final_season",69.0,183.0,4.27,,13.0,132.0,,,0,1,0,0,1,1,4.0,Big 12,,120.0,1364.0,7.0,45.7,341.0,26.0,340.0,3.0,13.1,13.076923076923077
2013,Cobi Hamilton,Arkansas,WR,6.0,197.0,0.07124704998790965,2.0,7.646848743410253,-5.646848743410253,0,12.5,"exact_name,school,position,final_season",74.0,212.0,4.56,29.5,11.0,107.0,,4.31,0,0,0,0,1,0,4.0,SEC,,175.0,2854.0,18.0,68.7,713.5,90.0,1335.0,5.0,14.8,14.833333333333334
2013,Chris Harper,Kansas State,WR,4.0,123.0,0.09016696346674323,0.0,13.119800522535527,-13.119800522535527,0,12.5,"exact_name,school,position,final_season",73.0,229.0,4.55,35.5,20.0,116.0,6.89,4.39,0,0,0,0,0,0,3.0,Big 12,,123.0,1734.0,12.0,41.7,578.0,58.0,857.0,3.0,14.8,14.775862068965518
2013,DeAndre Hopkins,Clemson,WR,1.0,27.0,0.19245008972987526,84.0,30.738814004743638,53.26118599525636,1,12.5,"exact_name,school,position,final_season",73.0,214.0,4.57,36.0,15.0,115.0,,4.5,0,0,0,0,1,0,3.0,ACC,,205.0,3009.0,27.0,43.0,1003.0,82.0,1405.0,18.0,17.1,17.134146341463413
2013,Justin Hunter,Tennessee,WR,2.0,34.0,0.17149858514250882,9.0,28.06027265618875,-19.06027265618875,0,12.5,"exact_name,school,position,final_season",76.0,196.0,4.44,39.5,,136.0,,4.33,0,0,0,1,1,0,3.0,SEC,,106.0,1812.0,18.0,59.2,604.0,73.0,1083.0,9.0,14.8,14.835616438356164
2013,Cordarrelle Patterson,Tennessee,WR,1.0,29.0,0.18569533817705186,42.0,29.908505346171772,12.091494653828228,1,12.5,"exact_name,school,position,final_season",74.0,216.0,4.42,37.0,,128.0,,,0,0,0,1,1,1,1.0,SEC,,46.0,778.0,5.0,16.9,778.0,46.0,778.0,5.0,16.9,16.91304347826087
2013,Quinton Patton,Louisiana Tech,WR,4.0,128.0,0.08838834764831843,6.0,12.656815880277499,-6.656815880277499,0,12.5,"exact_name,school,position,final_season",72.0,204.0,4.53,33.0,8.0,118.0,6.91,4.01,0,0,0,0,0,0,2.0,Western Athletic,,183.0,2594.0,24.0,28.6,1297.0,104.0,1392.0,13.0,13.4,13.384615384615385
2013,Denard Robinson,Michigan,WR,5.0,135.0,0.08606629658238704,8.0,12.038147780954475,-4.038147780954475,0,10.5,"exact_name,school,final_season",70.0,199.0,4.43,36.5,,123.0,7.09,4.22,0,0,0,1,0,0,4.0,Big Ten,,3.0,31.0,0.0,10.3,7.75,3.0,31.0,0.0,10.3,10.333333333333334
2013,Ace Sanders,South Carolina,WR,4.0,101.0,0.09950371902099892,3.0,15.409559599713191,-12.409559599713191,0,12.5,"exact_name,school,position,final_season",67.0,173.0,4.58,32.0,7.0,117.0,6.81,4.37,0,0,0,0,0,0,3.0,SEC,,99.0,1230.0,13.0,37.6,410.0,45.0,531.0,9.0,11.8,11.8
2013,Kenny Stills,Oklahoma,WR,5.0,144.0,0.08333333333333333,35.0,11.288250358353473,23.711749641646527,1,12.5,"exact_name,school,position,final_season",72.0,194.0,4.38,33.5,16.0,124.0,,4.35,0,0,0,0,1,0,3.0,Big 12,,204.0,2594.0,24.0,38.5,864.6666666666666,82.0,959.0,11.0,11.7,11.695121951219512
2013,Markus Wheaton,Oregon State,WR,3.0,79.0,0.1125087900926024,13.0,18.264122960795767,-5.264122960795767,0,12.5,"exact_name,school,position,final_season",71.0,189.0,4.45,37.0,20.0,120.0,6.8,4.02,0,0,0,0,0,0,4.0,Pac-12,,227.0,2994.0,16.0,50.6,748.5,91.0,1244.0,11.0,13.7,13.67032967032967
2013,Terrance Williams,Baylor,WR,3.0,74.0,0.11624763874381928,27.0,19.02382990464161,7.976170095358391,1,12.5,"exact_name,school,position,final_season",74.0,208.0,4.52,32.5,11.0,119.0,7.01,4.32,0,0,0,0,0,0,4.0,Big 12,,202.0,3334.0,27.0,66.7,833.5,97.0,1832.0,12.0,18.9,18.88659793814433
2013,Marquess Wilson,Washington State,WR,7.0,236.0,0.06509445549041194,6.0,5.548062987710431,0.4519370122895694,1,12.5,"exact_name,school,position,final_season",75.0,194.0,4.51,34.5,7.0,122.0,6.65,4.33,0,0,0,0,0,0,3.0,Pac-12,,189.0,3207.0,23.0,50.8,1069.0,52.0,813.0,5.0,15.6,15.634615384615385
2013,Robert Woods,USC,WR,2.0,41.0,0.15617376188860607,59.0,25.88499112790884,33.11500887209116,1,12.5,"exact_name,school,position,final_season",72.0,201.0,4.51,33.5,14.0,117.0,7.15,4.47,0,0,0,0,0,0,3.0,Pac-12,,252.0,2930.0,32.0,34.9,976.6666666666666,76.0,846.0,11.0,11.1,11.131578947368421
2014,Jared Abbrederis,Wisconsin,WR,5.0,176.0,0.07537783614444091,1.0,8.956581849900225,-7.956581849900225,0,12.5,"exact_name,school,position,final_season",73.0,195.0,4.5,30.5,4.0,117.0,6.8,4.08,0,0,0,0,0,0,4.0,Big Ten,,202.0,3140.0,23.0,62.5,785.0,78.0,1081.0,7.0,13.9,13.85897435897436
2014,Davante Adams,Fresno State,WR,2.0,53.0,0.13736056394868904,92.0,22.90206638639924,69.09793361360076,1,12.5,"exact_name,school,position,final_season",73.0,212.0,4.56,39.5,14.0,123.0,6.82,4.3,0,0,0,0,0,0,2.0,Mountain West,,233.0,3030.0,38.0,26.0,1515.0,131.0,1718.0,24.0,13.1,13.114503816793894
2014,Dri Archer,Kent State,WR,3.0,97.0,0.10153461651336192,0.0,15.879093269123999,-15.879093269123999,0,10.5,"exact_name,school,final_season",68.0,173.0,4.26,38.0,20.0,122.0,6.86,4.06,0,0,0,0,0,0,4.0,Mid-American,,99.0,1194.0,12.0,44.4,298.5,25.0,327.0,4.0,13.1,13.08
2014,Kelvin Benjamin,Florida State,WR,1.0,28.0,0.1889822365046136,22.0,30.316244628360252,-8.316244628360252,0,12.5,"exact_name,school,position,final_season",77.0,240.0,4.61,32.5,13.0,119.0,7.33,4.39,0,0,0,0,0,0,2.0,ACC,,84.0,1506.0,19.0,35.2,753.0,54.0,1011.0,15.0,18.7,18.72222222222222
2014,Martavis Bryant,Clemson,WR,4.0,118.0,0.09205746178983235,19.0,13.602001550651302,5.397998449348698,1,12.5,"exact_name,school,position,final_season",76.0,211.0,4.42,39.0,16.0,124.0,7.18,4.15,0,0,0,0,0,0,3.0,ACC,,61.0,1354.0,13.0,74.8,451.3333333333333,42.0,828.0,7.0,19.7,19.714285714285715
2014,Brandin Cooks,Oregon State,WR,1.0,20.0,0.22360679774997896,73.0,34.2258424711927,38.7741575288073,1,12.5,"exact_name,school,position,final_season",70.0,189.0,4.33,36.0,16.0,120.0,6.76,3.81,0,0,0,0,0,0,3.0,Pac-12,,226.0,3272.0,24.0,43.3,1090.6666666666667,128.0,1730.0,16.0,13.5,13.515625
2014,Bruce Ellington,South Carolina,WR,4.0,106.0,0.09712858623572641,7.0,14.84812782345837,-7.84812782345837,0,12.5,"exact_name,school,position,final_season",69.0,197.0,4.45,39.5,15.0,120.0,6.69,3.95,0,0,0,0,0,0,3.0,SEC,,106.0,1586.0,16.0,43.2,528.6666666666666,49.0,775.0,8.0,15.8,15.816326530612244
2014,Quincy Enunwa,Nebraska,WR,6.0,209.0,0.06917144638660747,13.0,6.959788888562883,6.040211111437117,1,12.5,"exact_name,school,position,final_season",74.0,225.0,4.41,,19.0,,,,0,1,1,0,1,1,4.0,Big Ten,,115.0,1526.0,15.0,50.0,381.5,51.0,753.0,12.0,14.8,14.764705882352942
2014,Mike Evans,Texas A&M,WR,1.0,7.0,0.3779644730092272,80.0,46.424121754241995,33.575878245758005,1,12.5,"exact_name,school,position,final_season",77.0,231.0,4.53,37.0,12.0,,7.08,4.26,0,0,1,0,0,0,2.0,SEC,,151.0,2499.0,17.0,33.7,1249.5,69.0,1394.0,12.0,20.2,20.202898550724637
2014,Ryan Grant,Tulane,WR,5.0,142.0,0.08391813582966891,10.0,11.450761779809419,-1.4507617798094188,0,12.5,"exact_name,school,position,final_season",72.0,199.0,4.64,35.5,8.0,119.0,6.68,4.11,0,0,0,0,0,0,5.0,Conference USA,,196.0,2769.0,21.0,75.5,553.8,77.0,1039.0,9.0,13.5,13.493506493506494
2014,Matt Hazel,Coastal Carolina,WR,6.0,190.0,0.07254762501100116,0.0,8.067233821032744,-8.067233821032744,0,12.5,"exact_name,school,position,final_season",73.0,198.0,4.5,36.5,15.0,118.0,7.08,4.2,0,0,0,0,0,0,3.0,Big South,,13.0,156.0,0.0,34.400000000000006,52.0,6.0,83.0,0.0,13.8,13.833333333333334
2014,Robert Herron,Wyoming,WR,6.0,185.0,0.07352146220938077,0.0,8.377102243793331,-8.377102243793331,0,12.5,"exact_name,school,position,final_season",69.0,193.0,4.48,35.5,18.0,125.0,6.84,4.27,0,0,0,0,0,0,4.0,Mountain West,,152.0,2030.0,20.0,52.5,507.5,72.0,937.0,9.0,13.0,13.01388888888889
2014,Josh Huff,Oregon,WR,3.0,86.0,0.10783277320343841,6.0,17.27764429730061,-11.277644297300611,0,12.5,"exact_name,school,position,final_season",71.0,206.0,4.51,35.5,14.0,116.0,,,0,0,0,0,1,1,4.0,Pac-12,,144.0,2366.0,24.0,63.6,591.5,62.0,1140.0,12.0,18.4,18.387096774193548
2014,Odell Beckham Jr.,LSU,WR,1.0,12.0,0.2886751345948129,59.0,40.16131808960854,18.838681910391458,1,12.5,"exact_name,school,position,final_season",71.0,198.0,4.38,38.5,7.0,122.0,6.69,3.94,0,0,0,0,0,0,3.0,SEC,,143.0,2340.0,12.0,47.7,780.0,59.0,1152.0,8.0,19.5,19.52542372881356
2014,Jarvis Landry,LSU,WR,2.0,63.0,0.1259881576697424,56.0,20.893740543495355,35.106259456504645,1,12.5,"exact_name,school,position,final_season",71.0,205.0,4.65,28.5,12.0,110.0,,,0,0,0,0,1,1,3.0,SEC,,137.0,1809.0,15.0,36.5,603.0,77.0,1193.0,10.0,15.5,15.493506493506494
2014,Cody Latimer,Indiana,WR,2.0,56.0,0.1336306209562122,6.0,22.262306065419374,-16.262306065419374,0,12.5,"exact_name,school,position,final_season",74.0,215.0,4.52,,23.0,,,,0,1,1,0,1,1,3.0,Big Ten,,135.0,2042.0,17.0,42.8,680.6666666666666,72.0,1096.0,9.0,15.2,15.222222222222221
2014,Marqise Lee,USC,WR,2.0,39.0,0.16012815380508713,17.0,26.466081069715692,-9.466081069715692,0,12.5,"exact_name,school,position,final_season",72.0,192.0,4.52,38.0,,127.0,,4.01,0,0,0,1,1,0,3.0,Pac-12,,248.0,3655.0,29.0,44.2,1218.3333333333333,57.0,791.0,4.0,13.9,13.87719298245614
2014,Jordan Matthews,Vanderbilt,WR,2.0,42.0,0.1543033499620919,23.0,25.604992585927803,-2.6049925859278034,0,12.5,"exact_name,school,position,final_season",75.0,212.0,4.46,35.5,21.0,120.0,6.95,4.18,0,0,0,0,0,0,4.0,SEC,,262.0,3759.0,24.0,58.4,939.75,112.0,1477.0,7.0,13.2,13.1875
2014,Donte Moncrief,Mississippi,WR,3.0,90.0,0.10540925533894598,18.0,16.74939982338693,1.2506001766130694,1,12.5,"exact_name,school,position,final_season",74.0,221.0,4.4,39.5,13.0,132.0,7.02,4.3,0,0,0,0,0,0,3.0,SEC,,156.0,2371.0,20.0,45.3,790.3333333333334,59.0,938.0,6.0,15.9,15.898305084745763
2014,Kevin Norwood,Alabama,WR,4.0,123.0,0.09016696346674323,1.0,13.119800522535527,-12.119800522535527,0,12.5,"exact_name,school,position,final_season",74.0,198.0,4.48,33.0,8.0,121.0,6.68,4.32,0,0,0,0,0,0,4.0,SEC,,81.0,1275.0,12.0,66.8,318.75,38.0,568.0,7.0,14.9,14.947368421052632
2014,Paul Richardson,Colorado,WR,2.0,45.0,0.14907119849998599,14.0,24.803338386327802,-10.803338386327802,0,12.5,"exact_name,school,position,final_season",72.0,175.0,4.4,38.0,,124.0,7.09,,0,0,0,1,0,1,3.0,Pac-12,,156.0,2412.0,21.0,45.5,804.0,83.0,1343.0,10.0,16.2,16.180722891566266
2014,Allen Robinson,Penn State,WR,2.0,61.0,0.12803687993289598,48.0,21.268591671192596,26.731408328807404,1,12.5,"exact_name,school,position,final_season",75.0,220.0,4.6,39.0,,127.0,7.0,4.0,0,0,0,1,0,0,3.0,Big Ten,,177.0,2479.0,17.0,37.7,826.3333333333334,97.0,1432.0,6.0,14.8,14.762886597938145
2014,Jalen Saunders,Oklahoma,WR,4.0,104.0,0.09805806756909202,0.0,15.06945598626639,-15.06945598626639,0,12.5,"exact_name,school,position,final_season",69.0,165.0,4.44,34.0,,122.0,,,0,0,0,1,1,1,2.0,Big 12,,123.0,1558.0,11.0,25.4,779.0,61.0,729.0,8.0,12.0,11.950819672131148
2014,Devin Street,Pittsburgh,WR,5.0,146.0,0.0827605888602368,1.0,11.127980545320483,-10.127980545320483,0,12.5,"exact_name,school,position,final_season",75.0,198.0,4.55,37.0,,124.0,6.89,4.01,0,0,0,1,0,0,4.0,ACC,,202.0,2901.0,16.0,57.0,725.25,51.0,854.0,7.0,16.7,16.745098039215687
2014,Sammy Watkins,Clemson,WR,1.0,4.0,0.5,43.0,52.92650869498186,-9.926508694981862,0,12.5,"exact_name,school,position,final_season",73.0,211.0,4.43,34.0,16.0,126.0,6.95,4.34,0,0,0,0,0,0,3.0,ACC,,240.0,3391.0,27.0,41.8,1130.3333333333333,101.0,1464.0,12.0,14.5,14.495049504950495
2015,Nelson Agholor,USC,WR,1.0,20.0,0.22360679774997896,36.0,34.2258424711927,1.7741575288073008,1,12.5,"exact_name,school,position,final_season",72.0,198.0,4.42,,12.0,,,,0,1,1,0,1,1,3.0,Pac-12,,179.0,2571.0,20.0,46.9,857.0,104.0,1313.0,12.0,12.6,12.625
2015,Mario Alford,West Virginia,WR,7.0,238.0,0.06482037235521644,0.0,5.4500085895671475,-5.4500085895671475,0,12.5,"exact_name,school,position,final_season",68.0,180.0,4.43,34.0,13.0,121.0,6.64,4.07,0,0,0,0,0,0,2.0,Big 12,,92.0,1497.0,13.0,34.9,748.5,65.0,945.0,11.0,14.5,14.538461538461538
2015,Kaelin Clay,Utah,WR,6.0,184.0,0.07372097807744857,3.0,8.440080052301163,-5.4400800523011625,0,12.5,"exact_name,school,position,final_season",70.0,195.0,4.51,33.0,10.0,113.0,6.97,4.26,0,0,0,0,0,0,1.0,Pac-12,,43.0,523.0,4.0,12.2,523.0,43.0,523.0,4.0,12.2,12.162790697674419
2015,Sammie Coates,Auburn,WR,3.0,87.0,0.10721125348377948,4.0,17.143314740798452,-13.143314740798452,0,12.5,"exact_name,school,position,final_season",73.0,212.0,4.43,41.0,23.0,131.0,6.98,4.06,0,0,0,0,0,0,3.0,SEC,,82.0,1757.0,13.0,62.3,585.6666666666666,34.0,741.0,4.0,21.8,21.794117647058822
2015,Amari Cooper,Alabama,WR,1.0,4.0,0.5,66.0,52.92650869498186,13.073491305018138,1,12.5,"exact_name,school,position,final_season",73.0,211.0,4.42,33.0,,120.0,6.71,3.98,0,0,0,1,0,0,3.0,SEC,,228.0,3463.0,31.0,47.2,1154.3333333333333,124.0,1727.0,16.0,13.9,13.92741935483871
2015,Jamison Crowder,Duke,WR,4.0,105.0,0.09759000729485333,33.0,14.958264925079519,18.04173507492048,1,12.5,"exact_name,school,position,final_season",68.0,185.0,4.56,37.0,10.0,115.0,7.17,4.32,0,0,0,0,0,0,4.0,ACC,,283.0,3641.0,23.0,50.6,910.25,85.0,1044.0,6.0,12.3,12.282352941176471
2015,Geremy Davis,Connecticut,WR,6.0,186.0,0.07332355751067665,0.0,8.314463939945163,-8.314463939945163,0,12.5,"exact_name,school,position,final_season",74.0,216.0,4.49,36.5,23.0,124.0,6.86,4.18,0,0,0,0,0,0,4.0,American Athletic,,165.0,2287.0,7.0,53.1,571.75,44.0,521.0,3.0,11.8,11.840909090909092
2015,Stefon Diggs,Maryland,WR,5.0,146.0,0.0827605888602368,90.0,11.127980545320483,78.87201945467952,1,12.5,"exact_name,school,position,final_season",72.0,195.0,4.46,35.0,,115.0,7.03,4.32,0,0,0,1,0,0,3.0,Big Ten,,150.0,2227.0,14.0,45.8,742.3333333333334,62.0,792.0,5.0,12.8,12.774193548387096
2015,Phillip Dorsett,Miami (FL),WR,1.0,29.0,0.18569533817705186,16.0,29.908505346171772,-13.908505346171772,0,9.5,"exact_name,position,final_season",70.0,185.0,4.33,37.0,13.0,122.0,6.7,4.11,0,0,0,0,0,0,4.0,ACC,,121.0,2132.0,17.0,70.1,533.0,36.0,871.0,10.0,24.2,24.194444444444443
2015,Devin Funchess,Michigan,WR,2.0,41.0,0.15617376188860607,20.0,25.88499112790884,-5.88499112790884,0,12.5,"exact_name,school,position,final_season",76.0,232.0,4.7,38.5,17.0,122.0,,,0,0,0,0,1,1,3.0,Big Ten,,126.0,1715.0,15.0,42.7,571.6666666666666,62.0,733.0,4.0,11.8,11.82258064516129
2015,Dorial Green-Beckham,Oklahoma,WR,2.0,40.0,0.15811388300841897,7.0,26.171903908251828,-19.171903908251828,0,8.5,"exact_name,position,season_window",77.0,237.0,4.49,33.5,13.0,119.0,6.89,4.45,0,0,0,0,0,0,2.0,SEC,,87.0,1278.0,17.0,29.1,639.0,59.0,883.0,12.0,15.0,14.966101694915254
2015,Justin Hardy,East Carolina,WR,4.0,107.0,0.09667364890456635,8.0,14.739024888294615,-6.739024888294615,0,12.5,"exact_name,school,position,final_season",70.0,192.0,4.56,36.5,11.0,114.0,6.63,4.21,0,0,0,0,0,0,4.0,American Athletic,,387.0,4541.0,35.0,46.5,1135.25,121.0,1494.0,10.0,12.3,12.347107438016529
2015,Tony Lippett,Michigan State,WR,5.0,156.0,0.08006407690254357,6.0,10.358203943833942,-4.358203943833942,0,12.5,"exact_name,school,position,final_season",74.0,192.0,4.61,36.0,10.0,114.0,6.92,4.13,0,0,0,0,0,0,4.0,Big Ten,,149.0,2247.0,15.0,54.2,561.75,65.0,1198.0,11.0,18.4,18.43076923076923
2015,Tyler Lockett,Kansas State,WR,3.0,69.0,0.1203858530857692,68.0,19.836705135750456,48.16329486424954,1,12.5,"exact_name,school,position,final_season",70.0,182.0,4.4,35.5,,121.0,6.89,4.07,0,0,0,1,0,0,4.0,Big 12,,249.0,3710.0,29.0,59.2,927.5,106.0,1515.0,11.0,14.3,14.29245283018868
2015,Vince Mayle,Washington State,WR,4.0,123.0,0.09016696346674323,0.0,13.119800522535527,-13.119800522535527,0,12.5,"exact_name,school,position,final_season",74.0,224.0,4.67,35.5,,117.0,6.93,4.13,0,0,0,1,0,0,2.0,Pac-12,,148.0,2022.0,16.0,26.8,1011.0,106.0,1483.0,9.0,14.0,13.99056603773585
2015,Ty Montgomery,Stanford,WR,3.0,94.0,0.10314212462587934,17.0,16.24412990411475,0.7558700958852498,1,12.5,"exact_name,school,position,final_season",72.0,221.0,4.55,40.5,,121.0,6.97,4.21,0,0,0,1,0,0,4.0,Pac-12,,172.0,2125.0,15.0,48.4,531.25,61.0,604.0,3.0,9.9,9.901639344262295
2015,Keith Mumphery,Michigan State,WR,5.0,175.0,0.07559289460184544,2.0,9.022789306663668,-7.022789306663668,0,12.5,"exact_name,school,position,final_season",72.0,215.0,4.54,32.5,,121.0,7.07,4.25,0,0,0,1,0,0,4.0,Big Ten,,88.0,1348.0,7.0,67.4,337.0,26.0,495.0,3.0,19.0,19.03846153846154
2015,DeVante Parker,Louisville,WR,1.0,14.0,0.2672612419124244,36.0,38.37018319130112,-2.3701831913011233,0,12.5,"exact_name,school,position,final_season",75.0,209.0,4.45,36.5,17.0,125.0,,,0,0,0,0,1,1,4.0,ACC,,156.0,2775.0,33.0,70.8,693.75,43.0,855.0,5.0,19.9,19.88372093023256
2015,Breshad Perriman,Central Florida,WR,1.0,26.0,0.19611613513818404,15.0,31.177333112148133,-16.177333112148133,0,12.5,"exact_name,school,position,final_season",74.0,212.0,,,,,,,1,1,1,1,1,1,3.0,American Athletic,,115.0,2243.0,16.0,56.599999999999994,747.6666666666666,50.0,1044.0,9.0,20.9,20.88
2015,DeAndre Smelter,Georgia Tech,WR,4.0,132.0,0.08703882797784893,0.0,12.299268370408647,-12.299268370408647,0,12.5,"exact_name,school,position,final_season",74.0,226.0,4.52,,,,,,0,1,1,1,1,1,2.0,ACC,,56.0,1060.0,11.0,36.8,530.0,35.0,715.0,7.0,20.4,20.428571428571427
2015,Devin Smith,Ohio State,WR,2.0,37.0,0.1643989873053573,2.0,27.077768467582487,-25.077768467582487,0,12.5,"exact_name,school,position,final_season",72.0,196.0,4.42,39.0,10.0,122.0,,4.15,0,0,0,0,1,0,4.0,Big Ten,,121.0,2503.0,30.0,84.8,625.75,33.0,931.0,12.0,28.2,28.21212121212121
2015,Jaelen Strong,Arizona State,WR,3.0,70.0,0.11952286093343936,2.0,19.66951696751196,-17.66951696751196,0,12.5,"exact_name,school,position,final_season",74.0,217.0,4.44,42.0,,123.0,,,0,0,0,1,1,1,2.0,Pac-12,,157.0,2287.0,17.0,29.2,1143.5,82.0,1165.0,10.0,14.2,14.207317073170731
2015,Darren Waller,Georgia Tech,WR,6.0,204.0,0.07001400420140048,33.0,7.241143487874567,25.758856512125433,1,12.5,"exact_name,school,position,final_season",78.0,238.0,4.46,37.0,12.0,125.0,7.07,4.25,0,0,0,0,0,0,3.0,ACC,,51.0,971.0,9.0,58.900000000000006,323.6666666666667,26.0,442.0,6.0,17.0,17.0
2015,Kevin White,West Virginia,WR,1.0,7.0,0.3779644730092272,3.0,46.424121754241995,-43.424121754241995,0,12.5,"exact_name,school,position,final_season",75.0,215.0,4.35,36.5,23.0,123.0,6.92,4.14,0,0,0,0,0,0,2.0,Big 12,,144.0,1954.0,15.0,27.8,977.0,109.0,1447.0,10.0,13.3,13.275229357798166
2016,Demarcus Ayers,Houston,WR,7.0,229.0,0.06608186004550898,0.0,5.8979201291574554,-5.8979201291574554,0,12.5,"exact_name,school,position,final_season",69.0,182.0,4.72,33.0,,123.0,,,0,0,0,1,1,1,3.0,American Athletic,511.45,142.0,1687.0,9.0,34.5,562.3333333333334,98.0,1222.0,6.0,12.5,12.46938775510204
2016,Tyler Boyd,Pittsburgh,WR,2.0,55.0,0.13483997249264842,48.0,22.471669877874547,25.528330122125453,1,12.5,"exact_name,school,position,final_season",73.0,197.0,4.58,34.0,11.0,119.0,6.9,4.35,0,0,0,0,0,0,3.0,ACC,611.18,254.0,3361.0,21.0,40.2,1120.3333333333333,91.0,926.0,6.0,10.2,10.175824175824175
2016,Aaron Burbridge,Michigan State,WR,6.0,213.0,0.06851887098275317,1.0,6.73950973737697,-5.73950973737697,0,12.5,"exact_name,school,position,final_season",72.0,206.0,4.56,30.5,20.0,115.0,7.22,4.31,0,0,0,0,0,0,4.0,Big Ten,715.3,165.0,2174.0,10.0,48.5,543.5,85.0,1258.0,7.0,14.8,14.8
2016,Leonte Carroo,Rutgers,WR,3.0,86.0,0.10783277320343841,2.0,17.27764429730061,-15.277644297300611,0,12.5,"exact_name,school,position,final_season",72.0,211.0,4.5,35.5,14.0,120.0,,,0,0,0,0,1,1,3.0,Big Ten,602.35,122.0,2373.0,29.0,57.5,791.0,39.0,809.0,10.0,20.7,20.743589743589745
2016,Corey Coleman,Baylor,WR,1.0,15.0,0.2581988897471611,6.0,37.56852899170112,-31.568528991701122,0,12.5,"exact_name,school,position,final_season",71.0,194.0,4.42,40.5,17.0,129.0,,,0,0,0,0,1,1,3.0,Big 12,660.35,173.0,3009.0,33.0,51.0,1003.0,74.0,1363.0,20.0,18.4,18.41891891891892
2016,Pharoh Cooper,South Carolina,WR,4.0,117.0,0.09245003270420485,6.0,13.700890464342365,-7.700890464342365,0,12.5,"exact_name,school,position,final_season",71.0,203.0,4.52,31.0,15.0,115.0,,,0,0,0,0,1,1,3.0,SEC,725.72,138.0,2163.0,18.0,49.2,721.0,66.0,973.0,8.0,14.7,14.742424242424242
2016,Cody Core,Mississippi,WR,6.0,199.0,0.07088812050083358,3.0,7.529480298763403,-4.529480298763403,0,12.5,"exact_name,school,position,final_season",75.0,205.0,4.47,31.5,14.0,119.0,,,0,0,0,0,1,1,4.0,SEC,764.34,83.0,1297.0,10.0,57.8,324.25,37.0,644.0,4.0,17.4,17.405405405405407
2016,Trevor Davis,California,WR,5.0,163.0,0.07832604499879574,2.0,9.848180750932627,-7.848180750932627,0,12.5,"exact_name,school,position,final_season",73.0,188.0,4.42,38.5,11.0,124.0,6.6,4.22,0,0,0,0,0,0,2.0,Pac-12,626.0,64.0,1071.0,7.0,33.400000000000006,535.5,40.0,672.0,2.0,16.8,16.8
2016,Josh Doctson,TCU,WR,1.0,22.0,0.21320071635561041,9.0,33.11839753872284,-24.11839753872284,0,12.5,"exact_name,school,position,final_season",74.0,202.0,4.5,41.0,14.0,131.0,6.84,4.08,0,0,0,0,0,0,3.0,Big 12,630.38,180.0,2785.0,29.0,44.7,928.3333333333334,79.0,1327.0,14.0,16.8,16.79746835443038
2016,Rashard Higgins,Colorado State,WR,5.0,172.0,0.07624928516630233,13.0,9.22370573435974,3.77629426564026,1,12.5,"exact_name,school,position,final_season",73.0,196.0,4.64,32.0,13.0,116.0,,,0,0,0,0,1,1,3.0,Mountain West,389.1,239.0,3649.0,31.0,44.7,1216.3333333333333,75.0,1062.0,8.0,14.2,14.16
2016,Ricardo Louis,Auburn,WR,4.0,114.0,0.0936585811581694,3.0,14.00270943944858,-11.00270943944858,0,12.5,"exact_name,school,position,final_season",74.0,215.0,4.43,38.0,18.0,132.0,,,0,0,0,0,1,1,4.0,SEC,865.41,98.0,1338.0,8.0,51.6,334.5,46.0,716.0,3.0,15.6,15.565217391304348
2016,Braxton Miller,Ohio State,WR,3.0,85.0,0.10846522890932808,2.0,17.413544995340466,-15.413544995340466,0,10.5,"exact_name,school,final_season",73.0,201.0,4.5,35.0,17.0,123.0,6.65,4.07,0,0,0,0,0,0,4.0,Big Ten,907.32,26.0,341.0,3.0,13.1,85.25,26.0,341.0,3.0,13.1,13.115384615384615
2016,Chris Moore,Cincinnati,WR,4.0,107.0,0.09667364890456635,14.0,14.739024888294615,-0.7390248882946153,0,12.5,"exact_name,school,position,final_season",73.0,206.0,4.53,37.0,10.0,130.0,6.76,4.2,0,0,0,0,0,0,4.0,American Athletic,494.65,119.0,2301.0,26.0,86.8,575.25,40.0,870.0,7.0,21.8,21.75
2016,Jordan Payton,UCLA,WR,5.0,154.0,0.08058229640253803,0.0,10.508133472101228,-10.508133472101228,0,12.5,"exact_name,school,position,final_season",73.0,207.0,4.47,34.5,,121.0,7.08,4.33,0,0,0,1,0,0,4.0,Pac-12,793.22,201.0,2702.0,14.0,51.2,675.5,78.0,1106.0,5.0,14.2,14.179487179487179
2016,Charone Peake,Clemson,WR,7.0,241.0,0.06441566264008308,1.0,5.304461251517509,-4.304461251517509,0,12.5,"exact_name,school,position,final_season",74.0,209.0,4.45,35.5,12.0,122.0,6.96,4.46,0,0,0,0,0,0,5.0,ACC,807.56,99.0,1172.0,10.0,60.3,234.4,50.0,716.0,5.0,14.3,14.32
2016,Demarcus Robinson,Florida,WR,4.0,126.0,0.0890870806374748,27.0,12.839801980554483,14.160198019445517,1,12.5,"exact_name,school,position,final_season",73.0,203.0,4.59,34.5,,123.0,6.77,4.19,0,0,0,1,0,0,3.0,SEC,789.79,106.0,1355.0,9.0,30.8,451.6666666666667,48.0,522.0,2.0,10.9,10.875
2016,Tajae Sharpe,Massachusetts,WR,5.0,140.0,0.08451542547285165,12.0,11.615578404571096,0.3844215954289041,1,12.5,"exact_name,school,position,final_season",74.0,194.0,4.55,33.5,11.0,114.0,,,0,0,0,0,1,1,4.0,Mid-American,323.73,277.0,3486.0,16.0,48.4,871.5,111.0,1319.0,5.0,11.9,11.882882882882884
2016,Sterling Shepard,Oklahoma,WR,2.0,40.0,0.15811388300841897,32.0,26.171903908251828,5.828096091748172,1,12.5,"exact_name,school,position,final_season",70.0,194.0,4.48,41.0,20.0,123.0,7.0,4.35,0,0,0,0,0,0,4.0,Big 12,775.9,233.0,3482.0,26.0,59.6,870.5,86.0,1288.0,11.0,15.0,14.976744186046512
2016,Michael Thomas,Ohio State,WR,2.0,47.0,0.14586499149789456,60.0,24.29806846705562,35.70193153294438,1,12.5,"exact_name,school,position,final_season",75.0,212.0,4.57,35.0,18.0,126.0,6.8,4.13,0,0,0,0,0,0,3.0,Big Ten,907.32,113.0,1602.0,18.0,36.0,534.0,56.0,781.0,9.0,13.9,13.946428571428571
2016,Laquon Treadwell,Mississippi,WR,1.0,23.0,0.20851441405707477,8.0,32.60189574112378,-24.601895741123784,0,12.5,"exact_name,school,position,final_season",74.0,221.0,4.52,33.0,12.0,117.0,,,0,0,0,0,1,1,3.0,SEC,764.34,202.0,2393.0,21.0,35.7,797.6666666666666,82.0,1153.0,11.0,14.1,14.060975609756097
2017,Rodney Adams,South Florida,WR,5.0,170.0,0.07669649888473704,0.0,9.359606432399588,-9.359606432399588,0,12.5,"exact_name,school,position,final_season",73.0,189.0,4.44,29.5,8.0,125.0,6.98,4.28,0,0,0,0,0,0,3.0,American Athletic,563.99,135.0,1967.0,16.0,44.6,655.6666666666666,67.0,822.0,5.0,12.3,12.26865671641791
2017,Noah Brown,Ohio State,WR,7.0,239.0,0.06468462273531508,19.0,5.40128995540789,13.59871004459211,1,12.5,"exact_name,school,position,final_season",74.0,222.0,,,19.0,,7.07,4.33,1,1,1,0,0,0,2.0,Big Ten,902.46,33.0,411.0,7.0,21.6,205.5,32.0,402.0,7.0,12.6,12.5625
2017,Jehu Chesson,Michigan,WR,4.0,139.0,0.08481889296799709,0.0,11.698871787952086,-11.698871787952086,0,12.5,"exact_name,school,position,final_season",75.0,204.0,4.47,35.5,10.0,132.0,6.7,4.09,0,0,0,0,0,0,4.0,Big Ten,852.78,114.0,1639.0,12.0,55.3,409.75,35.0,500.0,2.0,14.3,14.285714285714286
2017,Stacy Coley,Miami (FL),WR,7.0,219.0,0.06757373783994859,0.0,6.416728502888034,-6.416728502888034,0,9.5,"exact_name,position,final_season",73.0,195.0,4.45,34.0,10.0,122.0,,,0,0,0,0,1,1,4.0,ACC,745.93,167.0,2222.0,20.0,52.3,555.5,63.0,754.0,9.0,12.0,11.968253968253968
2017,Amara Darboh,Michigan,WR,3.0,106.0,0.09712858623572641,1.0,14.84812782345837,-13.84812782345837,0,12.5,"exact_name,school,position,final_season",74.0,214.0,4.45,36.0,17.0,124.0,,,0,0,0,0,1,1,3.0,Big Ten,852.78,151.0,2062.0,14.0,40.7,687.3333333333334,57.0,862.0,7.0,15.1,15.12280701754386
2017,Corey Davis,West. Michigan,WR,1.0,5.0,0.4472135954999579,31.0,50.33371959707445,-19.33371959707445,0,12.5,"exact_name,school,position,final_season",75.0,209.0,,,,,,,1,1,1,1,1,1,4.0,Mid-American,443.16,332.0,5285.0,52.0,63.6,1321.25,97.0,1500.0,19.0,15.5,15.463917525773196
2017,Robert Davis,Georgia State,WR,6.0,209.0,0.06917144638660747,0.0,6.959788888562883,-6.959788888562883,0,12.5,"exact_name,school,position,final_season",75.0,219.0,4.44,41.0,19.0,136.0,6.82,4.28,0,0,0,0,0,0,4.0,Sun Belt,321.79,222.0,3391.0,17.0,61.3,847.75,67.0,968.0,5.0,14.4,14.447761194029852
2017,Malachi Dupre,LSU,WR,7.0,247.0,0.06362847629757777,0.0,5.018724461988185,-5.018724461988185,0,12.5,"exact_name,school,position,final_season",74.0,196.0,4.52,39.5,11.0,135.0,7.19,4.26,0,0,0,0,0,0,3.0,SEC,917.72,98.0,1609.0,14.0,53.4,536.3333333333334,41.0,593.0,3.0,14.5,14.463414634146341
2017,Isaiah Ford,Virginia Tech,WR,7.0,237.0,0.06495698024616309,5.0,5.49893235542244,-0.49893235542243985,0,12.5,"exact_name,school,position,final_season",73.0,194.0,4.61,35.5,14.0,127.0,6.94,4.34,0,0,0,0,0,0,3.0,ACC,646.82,210.0,2967.0,24.0,42.0,989.0,79.0,1094.0,7.0,13.8,13.848101265822784
2017,Shelton Gibson,West Virginia,WR,5.0,166.0,0.07761505257063328,0.0,9.636271341529074,-9.636271341529074,0,12.5,"exact_name,school,position,final_season",71.0,191.0,4.5,32.0,8.0,118.0,6.83,4.2,0,0,0,0,0,0,3.0,Big 12,654.64,84.0,1898.0,17.0,61.1,632.6666666666666,43.0,951.0,8.0,22.1,22.11627906976744
2017,Chris Godwin,Penn State,WR,3.0,84.0,0.1091089451179962,53.0,17.551054022986932,35.44894597701307,1,12.5,"exact_name,school,position,final_season",73.0,209.0,4.42,36.0,19.0,126.0,7.01,4.0,0,0,0,0,0,0,3.0,Big Ten,742.52,154.0,2421.0,18.0,45.6,807.0,59.0,982.0,11.0,16.6,16.64406779661017
2017,Kenny Golladay,Northern Illinois,WR,3.0,96.0,0.10206207261596577,27.0,15.999502400785921,11.000497599214079,1,12.5,"exact_name,school,position,final_season",76.0,218.0,4.5,35.5,18.0,120.0,7.0,4.15,0,0,0,0,0,0,2.0,Mid-American,403.27,161.0,2293.0,18.0,28.7,1146.5,88.0,1164.0,8.0,13.2,13.227272727272727
2017,Chad Hansen,California,WR,4.0,141.0,0.0842151921066519,3.0,11.532877861682294,-8.532877861682294,0,12.5,"exact_name,school,position,final_season",74.0,202.0,4.53,35.0,11.0,119.0,6.74,4.13,0,0,0,0,0,0,2.0,Pac-12,601.17,111.0,1498.0,12.0,26.7,749.0,92.0,1249.0,11.0,13.6,13.576086956521738
2017,Mack Hollins,North Carolina,WR,4.0,118.0,0.09205746178983235,21.0,13.602001550651302,7.397998449348698,1,12.5,"exact_name,school,position,final_season",76.0,221.0,4.53,,,,,,0,1,1,1,1,1,3.0,ACC,669.61,81.0,1667.0,20.0,61.6,555.6666666666666,16.0,309.0,4.0,19.3,19.3125
2017,Zay Jones,East Carolina,WR,2.0,37.0,0.1643989873053573,25.0,27.077768467582487,-2.0777684675824872,0,12.5,"exact_name,school,position,final_season",74.0,201.0,4.45,36.5,15.0,133.0,6.79,4.01,0,0,0,0,0,0,4.0,American Athletic,442.26,397.0,4264.0,23.0,42.2,1066.0,156.0,1731.0,8.0,11.1,11.096153846153847
2017,Cooper Kupp,East. Washington,WR,3.0,69.0,0.1203858530857692,63.0,19.836705135750456,43.16329486424954,1,12.5,"exact_name,school,position,final_season",74.0,204.0,4.62,31.0,,116.0,6.75,4.08,0,0,0,1,0,0,4.0,Big Sky,45.1,45.0,786.0,12.0,70.6,196.5,12.0,206.0,3.0,17.2,17.166666666666668
2017,Josh Malone,Tennessee,WR,4.0,128.0,0.08838834764831843,1.0,12.656815880277499,-11.656815880277499,0,12.5,"exact_name,school,position,final_season",75.0,208.0,4.4,30.5,10.0,121.0,7.05,4.19,0,0,0,0,0,0,3.0,SEC,813.92,104.0,1608.0,14.0,42.5,536.0,50.0,972.0,11.0,19.4,19.44
2017,Isaiah McKenzie,Georgia,WR,5.0,172.0,0.07624928516630233,15.0,9.22370573435974,5.77629426564026,1,12.5,"exact_name,school,position,final_season",67.0,173.0,4.42,36.0,11.0,123.0,6.64,4.15,0,0,0,0,0,0,3.0,SEC,872.0,60.0,823.0,7.0,37.9,274.3333333333333,44.0,633.0,7.0,14.4,14.386363636363637
2017,Josh Reynolds,Texas A&M,WR,4.0,117.0,0.09245003270420485,26.0,13.700890464342365,12.299109535657635,1,12.5,"exact_name,school,position,final_season",75.0,194.0,4.52,37.0,,124.0,6.83,4.13,0,0,0,1,0,0,3.0,SEC,814.63,164.0,2788.0,30.0,51.0,929.3333333333334,61.0,1039.0,12.0,17.0,17.0327868852459
2017,John Ross,Washington,WR,1.0,9.0,0.3333333333333333,7.0,43.504004610116965,-36.504004610116965,0,12.5,"exact_name,school,position,final_season",71.0,188.0,4.22,37.0,,133.0,,,0,0,0,1,1,1,3.0,Pac-12,699.64,114.0,1729.0,22.0,49.0,576.3333333333334,81.0,1150.0,17.0,14.2,14.197530864197532
2017,JuJu Smith-Schuster,USC,WR,2.0,62.0,0.1270001270001905,43.0,21.079654545318483,21.920345454681517,1,12.5,"exact_name,school,position,final_season",73.0,215.0,4.54,32.5,15.0,120.0,,,0,0,0,0,1,1,3.0,Pac-12,936.86,213.0,3092.0,25.0,42.8,1030.6666666666667,70.0,914.0,10.0,13.1,13.057142857142857
2017,ArDarius Stewart,Alabama,WR,3.0,79.0,0.1125087900926024,1.0,18.264122960795767,-17.264122960795767,0,12.5,"exact_name,school,position,final_season",71.0,204.0,4.49,34.0,,124.0,,,0,0,0,1,1,1,3.0,SEC,982.66,129.0,1713.0,12.0,39.5,571.0,54.0,864.0,8.0,16.0,16.0
2017,Ryan Switzer,North Carolina,WR,4.0,133.0,0.086710996952412,3.0,12.211574541141175,-9.211574541141175,0,12.5,"exact_name,school,position,final_season",68.0,181.0,4.51,32.0,11.0,116.0,6.77,4.0,0,0,0,0,0,0,4.0,ACC,669.61,244.0,2907.0,19.0,47.4,726.75,96.0,1112.0,6.0,11.6,11.583333333333334
2017,Taywan Taylor,Western Kentucky,WR,3.0,72.0,0.11785113019775793,6.0,19.342188921294344,-13.342188921294344,0,12.5,"exact_name,school,position,final_season",71.0,203.0,4.5,33.5,13.0,132.0,6.57,4.21,0,0,0,0,0,0,4.0,Conference USA,401.82,253.0,4234.0,41.0,63.1,1058.5,98.0,1730.0,17.0,17.7,17.653061224489797
2017,Trent Taylor,Louisiana Tech,WR,5.0,177.0,0.07516460280028289,7.0,8.890749508218867,-1.8907495082188674,0,12.5,"exact_name,school,position,final_season",68.0,181.0,4.63,33.0,13.0,117.0,6.74,4.01,0,0,0,0,0,0,4.0,Conference USA,451.38,327.0,4179.0,32.0,48.5,1044.75,136.0,1803.0,12.0,13.3,13.257352941176471
2017,Dede Westbrook,Oklahoma,WR,4.0,110.0,0.09534625892455924,14.0,14.417731314933675,-0.41773131493367543,0,12.5,"exact_name,school,position,final_season",72.0,178.0,,,,,,,1,1,1,1,1,1,2.0,Big 12,777.48,126.0,2267.0,21.0,35.3,1133.5,80.0,1524.0,17.0,19.1,19.05
2017,Mike Williams,Clemson,WR,1.0,7.0,0.3779644730092272,38.0,46.424121754241995,-8.424121754241995,0,12.5,"exact_name,school,position,final_season",76.0,218.0,,32.5,15.0,121.0,,,1,0,0,0,1,1,4.0,ACC,846.0,177.0,2727.0,21.0,57.8,681.75,98.0,1361.0,11.0,13.9,13.887755102040817
2018,Dante Pettis,Washington,WR,2.0,44.0,0.15075567228888181,11.0,25.064458975781967,-14.064458975781967,0,12.5,"exact_name,school,position,final_season",72.0,186.0,,,,,,,1,1,1,1,1,1,4.0,Pac-12,706.52,163.0,2256.0,24.0,56.6,564.0,63.0,761.0,7.0,12.1,12.079365079365079
2018,Marcell Ateman,Oklahoma State,WR,7.0,228.0,0.06622661785325219,2.0,5.948770876507709,-3.9487708765077087,0,12.5,"exact_name,school,position,final_season",76.0,216.0,4.62,34.0,13.0,121.0,7.07,4.25,0,0,0,0,0,0,4.0,Big 12,633.57,146.0,2466.0,13.0,62.5,616.5,59.0,1156.0,8.0,19.6,19.593220338983052
2018,Braxton Berrios,Miami (FL),WR,6.0,210.0,0.06900655593423542,11.0,6.904326362138647,4.095673637861353,1,9.5,"exact_name,position,final_season",69.0,184.0,,,11.0,,,,1,1,1,0,1,1,4.0,ACC,749.08,99.0,1166.0,14.0,45.4,291.5,54.0,670.0,9.0,12.4,12.407407407407407
2018,Equanimeous St. brown,Notre Dame,WR,6.0,207.0,0.06950480468569159,8.0,7.071514530377144,0.9284854696228564,1,12.5,"exact_name,school,position,final_season",77.0,214.0,4.48,,20.0,,,,0,1,1,0,1,1,3.0,FBS Independents,837.71,92.0,1484.0,13.0,40.2,494.6666666666667,33.0,515.0,4.0,15.6,15.606060606060606
2018,Deon Cain,Clemson,WR,6.0,185.0,0.07352146220938077,1.0,8.377102243793331,-7.377102243793331,0,12.5,"exact_name,school,position,final_season",74.0,202.0,4.43,33.5,11.0,115.0,6.71,4.37,0,0,0,0,0,0,3.0,ACC,853.65,130.0,2040.0,20.0,48.900000000000006,680.0,58.0,734.0,6.0,12.7,12.655172413793103
2018,Antonio Callaway,Florida,WR,4.0,105.0,0.09759000729485333,5.0,14.958264925079519,-9.958264925079519,0,11.5,"exact_name,school,position,season_window",71.0,200.0,4.41,34.0,,121.0,,,0,0,0,1,1,1,2.0,SEC,798.44,89.0,1399.0,7.0,32.8,699.5,54.0,721.0,3.0,13.4,13.351851851851851
2018,Keke Coutee,Texas Tech,WR,4.0,103.0,0.09853292781642932,7.0,15.181721373858203,-8.181721373858203,0,12.5,"exact_name,school,position,final_season",70.0,181.0,4.43,34.5,14.0,113.0,6.93,4.15,0,0,0,0,0,0,3.0,Big 12,574.93,159.0,2424.0,17.0,41.1,808.0,93.0,1429.0,10.0,15.4,15.365591397849462
2018,Michael Gallup,Colorado State,WR,3.0,81.0,0.1111111111111111,30.0,17.973623399370318,12.026376600629682,1,12.5,"exact_name,school,position,final_season",73.0,205.0,4.51,36.0,10.0,122.0,6.95,4.37,0,0,0,0,0,0,2.0,Mountain West,441.98,176.0,2685.0,21.0,30.799999999999997,1342.5,100.0,1413.0,7.0,14.1,14.13
2018,Daesean Hamilton,Penn State,WR,4.0,113.0,0.09407208683835973,6.0,14.105083469309854,-8.105083469309854,0,12.5,"exact_name,school,position,final_season",73.0,203.0,,34.5,,118.0,6.84,4.15,1,0,0,1,0,0,4.0,Big Ten,779.26,214.0,2842.0,18.0,55.0,710.5,53.0,857.0,9.0,16.2,16.169811320754718
2018,Richie James,Middle Tennessee State,WR,7.0,240.0,0.06454972243679027,13.0,5.3527747399376295,7.6472252600623705,1,9.5,"exact_name,position,final_season",70.0,183.0,4.48,35.5,6.0,122.0,6.87,4.16,0,0,0,0,0,0,3.0,Conference USA,344.65,244.0,3261.0,23.0,37.4,1087.0,31.0,290.0,3.0,9.4,9.35483870967742
2018,Christian Kirk,Texas A&M,WR,2.0,47.0,0.14586499149789456,42.0,24.29806846705562,17.70193153294438,1,12.5,"exact_name,school,position,final_season",70.0,201.0,4.47,35.5,20.0,115.0,7.09,4.45,0,0,0,0,0,0,3.0,SEC,807.27,234.0,2856.0,26.0,36.7,952.0,71.0,919.0,10.0,12.9,12.943661971830986
2018,Ray-ray McCloud,Clemson,WR,6.0,187.0,0.07312724241271307,14.0,8.252161499929734,5.747838500070266,1,12.5,"exact_name,school,position,final_season",69.0,190.0,4.53,34.5,13.0,113.0,,,0,0,0,0,1,1,3.0,ACC,853.65,127.0,1226.0,4.0,28.6,408.6666666666667,49.0,503.0,1.0,10.3,10.26530612244898
2018,Anthony Miller,Memphis,WR,2.0,51.0,0.14002800840280097,12.0,23.34902061375631,-11.34902061375631,0,12.5,"exact_name,school,position,final_season",71.0,201.0,,,22.0,,,,1,1,1,0,1,1,3.0,American Athletic,504.49,238.0,3590.0,37.0,45.1,1196.6666666666667,96.0,1462.0,18.0,15.2,15.229166666666666
2018,D.J. Moore,Maryland,WR,1.0,24.0,0.20412414523193154,61.0,32.107379526667664,28.892620473332336,1,12.5,"exact_name,school,position,final_season",72.0,210.0,4.42,39.5,15.0,132.0,6.95,4.07,0,0,0,0,0,0,3.0,Big Ten,696.21,146.0,2027.0,17.0,42.7,675.6666666666666,80.0,1033.0,8.0,12.9,12.9125
2018,Trey Quinn,SMU,WR,7.0,256.0,0.0625,2.0,4.60287731733662,-2.6028773173366204,0,12.5,"exact_name,school,position,final_season",71.0,203.0,4.55,33.5,17.0,116.0,6.91,4.19,0,0,0,0,0,0,1.0,American Athletic,492.63,114.0,1236.0,13.0,10.8,1236.0,114.0,1236.0,13.0,10.8,10.842105263157896
2018,Calvin Ridley,Alabama,WR,1.0,26.0,0.19611613513818404,41.0,31.177333112148133,9.822666887851867,1,12.5,"exact_name,school,position,final_season",72.0,189.0,4.43,31.0,15.0,110.0,6.88,4.41,0,0,0,0,0,0,3.0,SEC,997.57,224.0,2781.0,19.0,37.7,927.0,63.0,967.0,5.0,15.3,15.34920634920635
2018,Jaleel Scott,New Mexico State,WR,4.0,132.0,0.08703882797784893,0.0,12.299268370408647,-12.299268370408647,0,12.5,"exact_name,school,position,final_season",77.0,218.0,4.56,34.5,16.0,124.0,7.2,4.4,0,0,0,0,0,0,2.0,Sun Belt,233.47,99.0,1362.0,14.0,26.5,681.0,76.0,1079.0,9.0,14.2,14.197368421052632
2018,Courtland Sutton,SMU,WR,2.0,40.0,0.15811388300841897,45.0,26.171903908251828,18.828096091748172,1,12.5,"exact_name,school,position,final_season",75.0,218.0,4.54,35.5,18.0,124.0,6.57,4.11,0,0,0,0,0,0,4.0,American Athletic,492.63,195.0,3220.0,31.0,63.5,805.0,68.0,1085.0,12.0,16.0,15.955882352941176
2018,Auden Tate,Florida State,WR,7.0,253.0,0.06286946134619315,5.0,4.739846021923896,0.2601539780761044,1,12.5,"exact_name,school,position,final_season",77.0,228.0,4.68,31.0,,112.0,,,0,0,0,1,1,1,2.0,ACC,924.97,65.0,957.0,16.0,30.1,478.5,40.0,548.0,10.0,13.7,13.7
2018,Marquez Valdes-Scantling,South Florida,WR,5.0,174.0,0.07580980435789034,29.0,9.08937617785758,19.91062382214242,1,12.5,"exact_name,school,position,final_season",76.0,206.0,4.37,30.5,15.0,124.0,,,0,0,0,0,1,1,2.0,American Athletic,554.17,75.0,1294.0,11.0,35.5,647.0,53.0,879.0,6.0,16.6,16.58490566037736
2018,James Washington,Oklahoma State,WR,2.0,60.0,0.12909944487358055,11.0,21.46065186581938,-10.46065186581938,0,12.5,"exact_name,school,position,final_season",71.0,213.0,4.54,34.5,14.0,120.0,7.11,4.32,0,0,0,0,0,0,4.0,Big 12,633.57,226.0,4472.0,39.0,77.1,1118.0,74.0,1549.0,13.0,20.9,20.93243243243243
2018,Javon Wims,Georgia,WR,7.0,224.0,0.0668153104781061,1.0,6.154428939537638,-5.154428939537638,0,12.5,"exact_name,school,position,final_season",75.0,215.0,4.53,33.5,,113.0,7.0,,0,0,0,1,0,1,2.0,SEC,930.34,63.0,914.0,8.0,26.9,457.0,46.0,724.0,7.0,15.7,15.73913043478261
2019,Miles Boykin,Notre Dame,WR,3.0,93.0,0.10369516947304253,6.0,16.368402502886035,-10.368402502886035,0,12.5,"exact_name,school,position,final_season",76.0,220.0,4.42,43.5,12.0,140.0,6.77,4.07,0,0,0,0,0,0,3.0,FBS Independents,847.85,77.0,1206.0,11.0,49.400000000000006,402.0,59.0,872.0,8.0,14.8,14.779661016949152
2019,A.J. Brown,Mississippi,WR,2.0,51.0,0.14002800840280097,73.0,23.34902061375631,49.65097938624369,1,12.5,"exact_name,school,position,final_season",72.0,226.0,4.49,36.5,19.0,120.0,,,0,0,0,0,1,1,3.0,SEC,734.0,189.0,3019.0,19.0,46.8,1006.3333333333334,85.0,1355.0,6.0,15.9,15.941176470588236
2019,Marquise Brown,Oklahoma,WR,1.0,25.0,0.2,39.0,31.633053373285286,7.366946626714714,1,12.5,"exact_name,school,position,final_season",69.0,166.0,,,,,,,1,1,1,1,1,1,2.0,Big 12,843.79,132.0,2413.0,17.0,36.8,1206.5,75.0,1318.0,10.0,17.6,17.573333333333334
2019,Hakeem Butler,Iowa State,WR,4.0,103.0,0.09853292781642932,0.0,15.181721373858203,-15.181721373858203,0,12.5,"exact_name,school,position,final_season",77.0,227.0,4.48,36.0,18.0,128.0,,,0,0,0,0,1,1,3.0,Big 12,575.76,110.0,2149.0,18.0,53.9,716.3333333333334,60.0,1318.0,9.0,22.0,21.966666666666665
2019,Parris Campbell,Ohio State,WR,2.0,59.0,0.13018891098082389,9.0,21.65594011359218,-12.65594011359218,0,12.5,"exact_name,school,position,final_season",72.0,205.0,4.31,40.0,11.0,135.0,,4.03,0,0,0,0,1,0,3.0,Big Ten,984.3,141.0,1688.0,14.0,35.1,562.6666666666666,88.0,983.0,11.0,11.2,11.170454545454545
2019,Travis Fulgham,Old Dominion,WR,6.0,184.0,0.07372097807744857,4.0,8.440080052301163,-4.4400800523011625,0,12.5,"exact_name,school,position,final_season",74.0,215.0,4.58,36.5,15.0,126.0,,,0,0,0,0,1,1,4.0,Conference USA,333.18,128.0,2044.0,18.0,61.6,511.0,63.0,1083.0,9.0,17.2,17.19047619047619
2019,Terry Godwin,Georgia,WR,7.0,237.0,0.06495698024616309,0.0,5.49893235542244,-5.49893235542244,0,12.5,"exact_name,school,position,final_season",71.0,184.0,4.55,36.5,,117.0,6.96,,0,0,0,1,0,1,4.0,SEC,964.0,133.0,1788.0,11.0,55.0,447.0,22.0,373.0,3.0,17.0,16.954545454545453
2019,Mecole Hardman,Georgia,WR,2.0,56.0,0.1336306209562122,23.0,22.262306065419374,0.7376939345806264,1,12.5,"exact_name,school,position,final_season",70.0,187.0,4.33,36.5,17.0,119.0,,,0,0,0,0,1,1,3.0,SEC,964.0,59.0,950.0,11.0,32.3,316.6666666666667,34.0,532.0,7.0,15.6,15.647058823529411
2019,Kelvin Harmon,North Carolina State,WR,6.0,206.0,0.06967330142916177,3.0,7.127782810917331,-4.127782810917331,0,12.5,"exact_name,school,position,final_season",74.0,221.0,4.6,32.5,18.0,117.0,7.15,4.32,0,0,0,0,0,0,3.0,ACC,629.39,170.0,2565.0,15.0,46.5,855.0,74.0,1086.0,6.0,14.7,14.675675675675675
2019,N'Keal Harry,Arizona State,WR,1.0,32.0,0.17677669529663687,7.0,28.76469300615924,-21.76469300615924,0,12.5,"exact_name,school,position,final_season",74.0,228.0,4.53,38.5,27.0,122.0,,,0,0,0,0,1,1,3.0,Pac-12,687.72,213.0,2889.0,22.0,40.2,963.0,73.0,1088.0,9.0,14.9,14.904109589041095
2019,Andy Isabella,Massachusetts,WR,2.0,62.0,0.1270001270001905,4.0,21.079654545318483,-17.079654545318483,0,12.5,"exact_name,school,position,final_season",69.0,188.0,4.31,36.5,15.0,121.0,6.95,4.15,0,0,0,0,0,0,4.0,FBS Independents,388.91,230.0,3525.0,30.0,48.9,881.25,101.0,1697.0,13.0,16.8,16.801980198019802
2019,Diontae Johnson,Toledo,WR,3.0,66.0,0.12309149097933272,35.0,20.353206933349526,14.646793066650474,1,12.5,"exact_name,school,position,final_season",70.0,183.0,4.53,33.5,15.0,123.0,7.09,4.45,0,0,0,0,0,0,3.0,Mid-American,463.96,137.0,2276.0,24.0,49.7,758.6666666666666,49.0,761.0,8.0,15.5,15.53061224489796
2019,Keesean Johnson,Fresno State,WR,6.0,174.0,0.07580980435789034,4.0,9.08937617785758,-5.089376177857581,0,12.5,"exact_name,school,position,final_season",73.0,201.0,4.6,30.0,14.0,117.0,7.28,4.23,0,0,0,0,0,0,4.0,Mountain West,459.07,275.0,3463.0,24.0,48.099999999999994,865.75,95.0,1340.0,8.0,14.1,14.105263157894736
2019,Terry McLaurin,Ohio State,WR,3.0,76.0,0.11470786693528087,51.0,18.713961481881036,32.286038518118964,1,12.5,"exact_name,school,position,final_season",72.0,208.0,4.35,37.5,18.0,125.0,7.01,4.15,0,0,0,0,0,0,3.0,Big Ten,984.3,75.0,1251.0,19.0,45.4,417.0,35.0,701.0,11.0,20.0,20.02857142857143
2019,D.K. Metcalf,Mississippi,WR,2.0,64.0,0.125,57.0,20.71075444321837,36.28924555678163,1,12.5,"exact_name,school,position,final_season",75.0,228.0,4.33,40.5,27.0,134.0,7.38,4.5,0,0,0,0,0,0,3.0,SEC,734.0,67.0,1228.0,14.0,45.0,409.3333333333333,26.0,569.0,5.0,21.9,21.884615384615383
2019,Hunter Renfrow,Clemson,WR,5.0,149.0,0.08192319205190406,22.0,10.891646081544593,11.108353918455407,1,12.5,"exact_name,school,position,final_season",70.0,184.0,4.59,35.0,7.0,116.0,6.8,4.19,0,0,0,0,0,0,4.0,ACC,893.21,186.0,2133.0,15.0,47.3,533.25,49.0,544.0,1.0,11.1,11.10204081632653
2019,Riley Ridley,Georgia,WR,4.0,126.0,0.0890870806374748,1.0,12.839801980554483,-11.839801980554483,0,12.5,"exact_name,school,position,final_season",73.0,199.0,4.58,30.5,13.0,124.0,7.22,4.28,0,0,0,0,0,0,3.0,SEC,964.0,70.0,1026.0,13.0,48.4,342.0,44.0,570.0,9.0,13.0,12.954545454545455
2019,Deebo Samuel,South Carolina,WR,2.0,36.0,0.16666666666666666,52.0,27.396127484235215,24.603872515764785,1,12.5,"exact_name,school,position,final_season",71.0,214.0,4.48,39.0,15.0,122.0,7.03,4.14,0,0,0,0,0,0,4.0,SEC,749.98,148.0,2076.0,16.0,57.599999999999994,519.0,62.0,882.0,11.0,14.2,14.225806451612904
2019,Darius Slayton,Auburn,WR,5.0,171.0,0.07647191129018725,32.0,9.291457397016131,22.70854260298387,1,12.5,"exact_name,school,position,final_season",73.0,190.0,4.39,40.5,11.0,135.0,7.0,4.15,0,0,0,0,0,0,3.0,SEC,827.37,79.0,1605.0,11.0,60.8,535.0,35.0,670.0,5.0,19.1,19.142857142857142
2020,Brandon Aiyuk,Arizona State,WR,1.0,25.0,0.2,39.0,31.633053373285286,7.366946626714714,1,12.5,"exact_name,school,position,final_season",72.0,205.0,4.5,40.0,11.0,128.0,,,0,0,0,0,1,1,2.0,Pac-12,686.44,98.0,1666.0,11.0,32.7,833.0,65.0,1192.0,8.0,18.3,18.338461538461537
2020,Quintez Cephus,Wisconsin,WR,5.0,166.0,0.07761505257063328,5.0,9.636271341529074,-4.636271341529074,0,12.5,"exact_name,school,position,final_season",73.0,202.0,4.73,38.5,23.0,124.0,7.2,4.33,0,0,0,0,0,0,3.0,Big Ten,675.8,93.0,1496.0,13.0,55.5,498.6666666666667,59.0,901.0,7.0,15.3,15.271186440677965
2020,Chase Claypool,Notre Dame,WR,2.0,49.0,0.14285714285714285,19.0,23.81385768762039,-4.813857687620391,0,12.5,"exact_name,school,position,final_season",76.0,238.0,4.42,40.5,19.0,126.0,,,0,0,0,0,1,1,4.0,FBS Independents,843.29,150.0,2159.0,19.0,58.6,539.75,66.0,1037.0,13.0,15.7,15.712121212121213
2020,Tyrie Cleveland,Florida,WR,7.0,252.0,0.0629940788348712,0.0,4.785863417613612,-4.785863417613612,0,12.5,"exact_name,school,position,final_season",74.0,209.0,4.46,39.5,13.0,126.0,,,0,0,0,0,1,1,4.0,SEC,835.68,79.0,1271.0,8.0,65.7,317.75,25.0,351.0,1.0,14.0,14.04
2020,Isaiah Coulter,Rhode Island,WR,5.0,171.0,0.07647191129018725,0.0,9.291457397016131,-9.291457397016131,0,12.5,"exact_name,school,position,final_season",74.0,198.0,4.45,36.0,,121.0,7.28,4.62,0,0,0,1,0,0,3.0,CAA,15.55,22.0,417.0,3.0,90.2,139.0,11.0,205.0,1.0,18.6,18.636363636363637
2020,Gabriel Davis,UCF,WR,4.0,128.0,0.08838834764831843,28.0,12.656815880277499,15.343184119722501,1,12.5,"exact_name,school,position,final_season",74.0,216.0,4.54,35.0,14.0,124.0,7.08,4.59,0,0,0,0,0,0,3.0,American Athletic,598.57,152.0,2447.0,23.0,47.1,815.6666666666666,72.0,1241.0,12.0,17.2,17.23611111111111
2020,Devin Duvernay,Texas,WR,3.0,92.0,0.10425720702853739,12.0,16.494018615242034,-4.494018615242034,0,12.5,"exact_name,school,position,final_season",70.0,200.0,4.39,35.5,,123.0,7.13,4.2,0,0,0,1,0,0,4.0,Big 12,877.91,176.0,2468.0,16.0,60.8,617.0,106.0,1386.0,9.0,13.1,13.075471698113208
2020,Bryan Edwards,South Carolina,WR,3.0,81.0,0.1111111111111111,6.0,17.973623399370318,-11.973623399370318,0,12.5,"exact_name,school,position,final_season",75.0,212.0,,,,,,,1,1,1,1,1,1,4.0,SEC,762.68,234.0,3045.0,22.0,52.7,761.25,71.0,816.0,6.0,11.5,11.492957746478874
2020,Antonio Gandy-Golden,Liberty,WR,4.0,142.0,0.08391813582966891,0.0,11.450761779809419,-11.450761779809419,0,12.5,"exact_name,school,position,final_season",76.0,223.0,4.6,36.0,22.0,127.0,7.33,4.55,0,0,0,0,0,0,4.0,FBS Independents,153.48,164.0,2672.0,22.0,94.1,668.0,79.0,1396.0,10.0,17.7,17.670886075949365
2020,Antonio Gibson,Memphis,WR,3.0,66.0,0.12309149097933272,29.0,20.353206933349526,8.646793066650474,1,12.5,"exact_name,school,position,final_season",72.0,228.0,4.39,35.0,16.0,118.0,,,0,0,0,0,1,1,2.0,American Athletic,551.97,44.0,834.0,10.0,35.8,417.0,38.0,735.0,8.0,19.3,19.342105263157894
2020,KJ Hamler,Penn State,WR,2.0,46.0,0.14744195615489714,5.0,24.547957178182905,-19.547957178182905,0,12.5,"exact_name,school,position,final_season",69.0,178.0,,,15.0,,,,1,1,1,0,1,1,2.0,Big Ten,857.34,99.0,1659.0,13.0,33.7,829.5,56.0,904.0,8.0,16.1,16.142857142857142
2020,Tee Higgins,Clemson,WR,2.0,33.0,0.17407765595569785,43.0,28.40714549629039,14.59285450370961,1,12.5,"exact_name,school,position,final_season",76.0,216.0,,,,,,,1,1,1,1,1,1,3.0,ACC,863.03,135.0,2448.0,27.0,56.0,816.0,59.0,1167.0,13.0,19.8,19.779661016949152
2020,John Hightower,Boise State,WR,5.0,168.0,0.07715167498104596,1.0,9.49711546004606,-8.49711546004606,0,12.5,"exact_name,school,position,final_season",73.0,189.0,4.43,38.5,,122.0,7.07,4.21,0,0,0,1,0,0,2.0,Mountain West,561.42,82.0,1447.0,14.0,34.8,723.5,51.0,943.0,8.0,18.5,18.49019607843137
2020,K.J. Hill,Ohio State,WR,7.0,220.0,0.06741998624632421,1.0,6.363792751992797,-5.363792751992797,0,12.5,"exact_name,school,position,final_season",72.0,196.0,4.6,32.5,17.0,114.0,,,0,0,0,0,1,1,4.0,Big Ten,973.56,201.0,2332.0,20.0,48.2,583.0,57.0,636.0,10.0,11.2,11.157894736842104
2020,Isaiah Hodgins,Oregon State,WR,6.0,207.0,0.06950480468569159,6.0,7.071514530377144,-1.0715145303771436,0,12.5,"exact_name,school,position,final_season",76.0,210.0,4.61,36.5,9.0,124.0,7.01,4.12,0,0,0,0,0,0,3.0,Pac-12,595.5,176.0,2322.0,20.0,37.3,774.0,86.0,1171.0,13.0,13.6,13.616279069767442
2020,Henry Ruggs III,Alabama,WR,1.0,12.0,0.2886751345948129,8.0,40.16131808960854,-32.16131808960854,0,12.5,"exact_name,school,position,final_season",71.0,188.0,4.27,42.0,,131.0,,,0,0,0,1,1,1,3.0,SEC,984.96,98.0,1716.0,24.0,53.900000000000006,572.0,40.0,746.0,7.0,18.7,18.65
2020,Justin Jefferson,LSU,WR,1.0,22.0,0.21320071635561041,65.0,33.11839753872284,31.88160246127716,1,12.5,"exact_name,school,position,final_season",73.0,202.0,4.43,37.5,,126.0,,,0,0,0,1,1,1,3.0,SEC,906.17,165.0,2414.0,24.0,30.1,804.6666666666666,111.0,1540.0,18.0,13.9,13.873873873873874
2020,Van Jefferson,Florida,WR,2.0,57.0,0.13245323570650439,19.0,22.05664800238946,-3.0566480023894584,0,12.5,"exact_name,school,position,final_season",73.0,200.0,,,,,,,1,1,1,1,1,1,2.0,SEC,835.68,84.0,1160.0,12.0,27.8,580.0,49.0,657.0,6.0,13.4,13.408163265306122
2020,Jauan Jennings,Tennessee,WR,7.0,217.0,0.06788442333021306,21.0,6.523329041637751,14.476670958362249,1,12.5,"exact_name,school,position,final_season",75.0,215.0,4.72,29.0,,119.0,,,0,0,0,1,1,1,5.0,SEC,830.34,146.0,2153.0,18.0,61.8,430.6,59.0,969.0,8.0,16.4,16.423728813559322
2020,Jerry Jeudy,Alabama,WR,1.0,15.0,0.2581988897471611,31.0,37.56852899170112,-6.568528991701122,0,12.5,"exact_name,school,position,final_season",73.0,193.0,4.45,35.0,,120.0,,4.53,0,0,0,1,1,0,3.0,SEC,984.96,159.0,2742.0,26.0,53.3,914.0,77.0,1163.0,10.0,15.1,15.103896103896103
2020,Collin Johnson,Texas,WR,5.0,165.0,0.0778498944161523,3.0,9.706479272501234,-6.706479272501234,0,12.5,"exact_name,school,position,final_season",78.0,222.0,,,17.0,,,,1,1,1,0,1,1,4.0,Big 12,877.91,188.0,2627.0,15.0,54.7,656.75,38.0,559.0,3.0,14.7,14.710526315789474
2020,Tyler Johnson,Minnesota,WR,5.0,161.0,0.07881104062391006,9.0,9.991631674502173,-0.9916316745021732,0,12.5,"exact_name,school,position,final_season",73.0,206.0,,,,,,,1,1,1,1,1,1,4.0,Big Ten,621.36,213.0,3305.0,33.0,59.7,826.25,86.0,1318.0,13.0,15.3,15.325581395348838
2020,Laviska Shenault Jr.,Colorado,WR,2.0,42.0,0.1543033499620919,13.0,25.604992585927803,-12.604992585927803,0,12.5,"exact_name,school,position,final_season",73.0,227.0,4.58,,17.0,,,,0,1,1,0,1,1,3.0,Pac-12,614.27,149.0,1943.0,10.0,49.4,647.6666666666666,56.0,764.0,4.0,13.6,13.642857142857142
2020,CeeDee Lamb,Oklahoma,WR,1.0,17.0,0.24253562503633297,65.0,36.11421121912963,28.88578878087037,1,12.5,"exact_name,school,position,final_season",74.0,198.0,4.5,34.5,11.0,124.0,,,0,0,0,0,1,1,3.0,Big 12,869.53,172.0,3289.0,32.0,56.9,1096.3333333333333,62.0,1327.0,14.0,21.4,21.403225806451612
2020,Denzel Mims,Baylor,WR,2.0,59.0,0.13018891098082389,5.0,21.65594011359218,-16.65594011359218,0,12.5,"exact_name,school,position,final_season",75.0,207.0,4.38,38.5,16.0,131.0,6.66,4.43,0,0,0,0,0,0,4.0,Big 12,668.9,186.0,2925.0,28.0,53.7,731.25,66.0,1020.0,12.0,15.5,15.454545454545455
2020,Darnell Mooney,Tulane,WR,5.0,173.0,0.07602859212697055,33.0,9.156346837171427,23.843653162828573,1,12.5,"exact_name,school,position,final_season",70.0,176.0,4.38,37.0,9.0,124.0,,,0,0,0,0,1,1,4.0,American Athletic,486.98,154.0,2572.0,19.0,64.3,643.0,48.0,713.0,5.0,14.9,14.854166666666666
2020,K.J. Osborn,Miami,WR,5.0,176.0,0.07537783614444091,13.0,8.956581849900225,4.043418150099775,1,12.5,"exact_name,school,position,final_season",71.0,203.0,4.48,37.5,18.0,123.0,7.0,4.35,0,0,0,0,0,0,1.0,ACC,815.12,50.0,547.0,5.0,10.9,547.0,50.0,547.0,5.0,10.9,10.94
2020,Dezmon Patmon,Washington State,WR,6.0,212.0,0.06868028197434452,0.0,6.7941892605174985,-6.7941892605174985,0,12.5,"exact_name,school,position,final_season",76.0,225.0,4.48,36.0,15.0,132.0,7.28,4.38,0,0,0,0,0,0,4.0,Pac-12,556.27,156.0,1976.0,13.0,46.8,494.0,58.0,762.0,8.0,13.1,13.137931034482758
2020,Donovan Peoples-Jones,Michigan,WR,6.0,187.0,0.07312724241271307,18.0,8.252161499929734,9.747838500070266,1,12.5,"exact_name,school,position,final_season",74.0,212.0,4.48,44.5,,139.0,,,0,0,0,1,1,1,3.0,Big Ten,853.4,101.0,1296.0,14.0,38.4,432.0,34.0,438.0,6.0,12.9,12.882352941176471
2020,Malcolm Perry,Navy,WR,7.0,246.0,0.06375767130633382,1.0,5.065861959594649,-4.065861959594649,0,10.5,"exact_name,school,final_season",69.0,186.0,4.63,36.0,10.0,122.0,7.12,4.31,0,0,0,0,0,0,4.0,American Athletic,335.4,22.0,470.0,3.0,41.900000000000006,117.5,,,,,
2020,James Proche,SMU,WR,6.0,201.0,0.07053456158585983,4.0,7.413285558223649,-3.4132855582236488,0,12.5,"exact_name,school,position,final_season",71.0,201.0,,34.5,20.0,,7.27,4.4,1,0,1,0,0,0,4.0,American Athletic,565.15,301.0,3949.0,39.0,56.7,987.25,111.0,1225.0,15.0,11.0,11.036036036036036
2020,Jalen Reagor,TCU,WR,1.0,21.0,0.2182178902359924,10.0,33.658931148868675,-23.658931148868675,0,12.5,"exact_name,school,position,final_season",71.0,206.0,4.47,42.0,17.0,138.0,7.31,4.46,0,0,0,0,0,0,3.0,Big 12,691.63,147.0,2239.0,22.0,46.5,746.3333333333334,43.0,611.0,5.0,14.2,14.209302325581396
2020,Joe Reed,Virginia,WR,5.0,151.0,0.08137884587711594,0.0,10.736718756639377,-10.736718756639377,0,12.5,"exact_name,school,position,final_season",72.0,224.0,4.47,38.0,21.0,123.0,,,0,0,0,0,1,1,4.0,ACC,580.28,129.0,1465.0,16.0,57.3,366.25,77.0,679.0,7.0,8.8,8.818181818181818
2020,Freddie Swain,Florida,WR,6.0,214.0,0.06835859270246633,5.0,6.685086325353744,-1.685086325353744,0,12.5,"exact_name,school,position,final_season",72.0,197.0,4.46,36.5,16.0,124.0,7.05,4.26,0,0,0,0,0,0,4.0,SEC,835.68,69.0,1002.0,15.0,58.5,250.5,38.0,517.0,7.0,13.6,13.605263157894736
2020,Quez Watkins,Southern Miss,WR,6.0,200.0,0.07071067811865475,13.0,7.471237684462665,5.528762315537335,1,12.5,"exact_name,school,position,final_season",72.0,185.0,4.35,36.5,,125.0,7.28,4.36,0,0,0,1,0,0,3.0,Conference USA,456.29,160.0,2411.0,17.0,45.4,803.6666666666666,64.0,1178.0,6.0,18.4,18.40625
2021,Rashod Bateman,Minnesota,WR,1.0,27.0,0.19245008972987526,20.0,30.738814004743638,-10.738814004743638,0,12.5,"exact_name,school,position,final_season",72.0,190.0,4.39,36.0,,123.0,,,0,0,0,1,1,1,3.0,Big Ten,594.7,147.0,2395.0,19.0,47.2,798.3333333333334,36.0,472.0,2.0,13.1,13.11111111111111
2021,Dyami Brown,North Carolina,WR,3.0,82.0,0.11043152607484653,7.0,17.83105256496797,-10.831052564967969,0,12.5,"exact_name,school,position,final_season",72.0,189.0,4.46,35.0,18.0,128.0,6.87,4.35,0,0,0,0,0,0,3.0,ACC,740.19,122.0,2291.0,21.0,50.6,763.6666666666666,54.0,1084.0,8.0,20.1,20.074074074074073
2021,Amon-Ra St. Brown,USC,WR,4.0,112.0,0.0944911182523068,57.0,14.20836750247851,42.79163249752149,1,12.5,"exact_name,school,position,final_season",71.0,197.0,4.51,38.5,20.0,127.0,6.88,4.17,0,0,0,0,0,0,3.0,Pac-12,853.16,178.0,2270.0,16.0,37.7,756.6666666666666,41.0,478.0,7.0,11.7,11.658536585365853
2021,Ja'Marr Chase,LSU,WR,1.0,5.0,0.4472135954999579,58.0,50.33371959707445,7.666280402925551,1,11.5,"exact_name,school,position,season_window",72.0,201.0,4.34,41.0,,132.0,6.96,3.99,0,0,0,1,0,0,2.0,SEC,906.17,107.0,2093.0,23.0,34.8,1046.5,84.0,1780.0,20.0,21.2,21.19047619047619
2021,Nico Collins,Michigan,WR,3.0,89.0,0.105999788000636,33.0,16.879226617877926,16.120773382122074,1,11.5,"exact_name,school,position,season_window",76.0,215.0,4.43,37.5,14.0,125.0,6.78,4.29,0,0,0,0,0,0,3.0,Big Ten,853.4,78.0,1388.0,13.0,45.3,462.6666666666667,37.0,729.0,7.0,19.7,19.7027027027027
2021,Frank Darby,Arizona St.,WR,6.0,187.0,0.07312724241271307,0.0,8.252161499929734,-8.252161499929734,0,9.5,"exact_name,position,final_season",72.0,201.0,4.56,34.5,19.0,117.0,7.05,4.25,0,0,0,0,0,0,4.0,Pac-12,743.24,67.0,1317.0,13.0,73.6,329.25,6.0,46.0,1.0,7.7,7.666666666666667
2021,Jaelon Darden,North Texas,WR,4.0,129.0,0.08804509063256238,0.0,12.566392254868163,-12.566392254868163,0,12.5,"exact_name,school,position,final_season",67.0,174.0,4.47,35.5,,122.0,6.66,3.98,0,0,0,1,0,0,4.0,Conference USA,415.68,230.0,2782.0,38.0,46.6,695.5,74.0,1190.0,19.0,16.1,16.08108108108108
2021,D'Wayne Eskridge,West. Michigan,WR,2.0,56.0,0.1336306209562122,3.0,22.262306065419374,-19.262306065419374,0,12.5,"exact_name,school,position,final_season",68.0,190.0,4.38,35.0,,124.0,6.93,4.22,0,0,0,1,0,0,5.0,Mid-American,382.78,121.0,2244.0,15.0,92.0,448.8,33.0,768.0,8.0,23.3,23.272727272727273
2021,Simi Fehoko,Stanford,WR,5.0,179.0,0.07474350927519359,1.0,8.760193334409685,-7.760193334409685,0,12.5,"exact_name,school,position,final_season",75.0,222.0,4.44,34.5,16.0,120.0,6.78,4.26,0,0,0,0,0,0,3.0,Pac-12,801.6,62.0,1156.0,9.0,45.400000000000006,385.3333333333333,37.0,584.0,3.0,15.8,15.783783783783784
2021,Dez Fitzpatrick,Louisville,WR,4.0,109.0,0.09578262852211514,0.0,14.523845086450784,-14.523845086450784,0,12.5,"exact_name,school,position,final_season",73.0,208.0,4.43,35.0,,,7.09,4.26,0,0,1,1,0,0,4.0,ACC,621.82,154.0,2589.0,21.0,66.6,647.25,43.0,833.0,3.0,19.4,19.372093023255815
2021,Racey McMath,LSU,WR,6.0,205.0,0.06984302957695782,0.0,7.184324904119677,-7.184324904119677,0,12.5,"exact_name,school,position,final_season",74.0,217.0,4.36,34.0,,124.0,7.38,4.38,0,0,0,1,0,0,3.0,SEC,873.23,33.0,522.0,4.0,51.7,174.0,14.0,195.0,1.0,13.9,13.928571428571429
2021,Dax Milne,BYU,WR,7.0,258.0,0.062257280636469035,1.0,4.512453691927291,-3.5124536919272913,0,12.5,"exact_name,school,position,final_season",,,4.54,31.0,14.0,114.0,,4.19,0,0,0,0,1,0,3.0,FBS Independents,510.95,102.0,1549.0,11.0,37.4,516.3333333333334,70.0,1189.0,8.0,17.0,16.985714285714284
2021,Elijah Moore,Mississippi,WR,2.0,34.0,0.17149858514250882,15.0,28.06027265618875,-13.06027265618875,0,12.5,"exact_name,school,position,final_season",,,4.35,36.0,17.0,121.0,6.63,4.07,0,0,0,0,0,0,3.0,SEC,702.2,189.0,2441.0,16.0,37.7,813.6666666666666,86.0,1193.0,8.0,13.9,13.872093023255815
2021,Rondale Moore,Purdue,WR,2.0,49.0,0.14285714285714285,12.0,23.81385768762039,-11.813857687620391,0,12.5,"exact_name,school,position,final_season",67.0,180.0,4.28,42.5,,,6.65,4.06,0,0,1,1,0,0,3.0,Big Ten,644.03,178.0,1915.0,14.0,32.0,638.3333333333334,35.0,270.0,0.0,7.7,7.714285714285714
2021,Dazz Newsome,North Carolina,WR,6.0,221.0,0.06726727939963124,0.0,6.311097073355036,-6.311097073355036,0,12.5,"exact_name,school,position,final_season",70.0,190.0,4.59,34.0,12.0,121.0,7.38,4.38,0,0,0,0,0,0,4.0,ACC,740.19,188.0,2435.0,18.0,50.9,608.75,54.0,684.0,6.0,12.7,12.666666666666666
2021,Cornell Powell,Clemson,WR,5.0,181.0,0.07432941462471664,0.0,8.631087814770673,-8.631087814770673,0,12.5,"exact_name,school,position,final_season",72.0,204.0,4.53,36.5,16.0,128.0,7.03,4.21,0,0,0,0,0,0,5.0,ACC,915.57,93.0,1211.0,10.0,51.7,242.2,53.0,882.0,7.0,16.6,16.641509433962263
2021,Amari Rodgers,Clemson,WR,3.0,85.0,0.10846522890932808,2.0,17.413544995340466,-15.413544995340466,0,12.5,"exact_name,school,position,final_season",69.0,212.0,4.52,33.0,19.0,121.0,7.07,4.31,0,0,0,0,0,0,4.0,ACC,915.57,181.0,2144.0,15.0,44.4,536.0,77.0,1020.0,7.0,13.2,13.246753246753247
2021,Anthony Schwartz,Auburn,WR,3.0,91.0,0.10482848367219183,2.0,16.6210076084674,-14.621007608467401,0,12.5,"exact_name,school,position,final_season",72.0,186.0,4.27,32.0,,123.0,7.13,4.25,0,0,0,1,0,0,3.0,SEC,844.78,118.0,1484.0,6.0,39.8,494.6666666666667,54.0,652.0,3.0,12.1,12.074074074074074
2021,Ihmir Smith-Marsette,Iowa,WR,5.0,157.0,0.07980868844676221,4.0,10.283958469336703,-6.283958469336703,0,12.5,"exact_name,school,position,final_season",72.0,181.0,4.43,37.0,,124.0,7.0,4.2,0,0,0,1,0,0,4.0,Big Ten,631.81,110.0,1588.0,14.0,55.099999999999994,397.0,25.0,345.0,4.0,13.8,13.8
2021,Marquez Stevenson,Houston,WR,6.0,203.0,0.07018624063435965,0.0,7.298241279550169,-7.298241279550169,0,12.5,"exact_name,school,position,final_season",70.0,180.0,4.48,33.0,,122.0,6.76,4.14,0,0,0,1,0,0,4.0,American Athletic,608.28,147.0,2269.0,22.0,46.4,567.25,20.0,307.0,4.0,15.4,15.35
2021,Kadarius Toney,Florida,WR,1.0,20.0,0.22360679774997896,7.0,34.2258424711927,-27.2258424711927,0,12.5,"exact_name,school,position,final_season",71.0,193.0,4.39,39.5,9.0,136.0,6.88,4.25,0,0,0,0,0,0,4.0,SEC,809.32,120.0,1590.0,12.0,54.0,397.5,70.0,984.0,10.0,14.1,14.057142857142857
2021,Tylan Wallace,Oklahoma St.,WR,4.0,131.0,0.0873704056661038,3.0,12.387629079305796,-9.387629079305796,0,9.5,"exact_name,position,final_season",71.0,194.0,4.48,33.0,11.0,112.0,6.97,4.25,0,0,0,0,0,0,4.0,Big 12,639.23,204.0,3396.0,26.0,66.6,849.0,59.0,917.0,6.0,15.5,15.542372881355933
2021,Seth Williams,Auburn,WR,6.0,219.0,0.06757373783994859,0.0,6.416728502888034,-6.416728502888034,0,12.5,"exact_name,school,position,final_season",75.0,211.0,4.49,37.0,12.0,124.0,7.2,4.43,0,0,0,0,0,0,3.0,SEC,844.78,132.0,2108.0,17.0,50.4,702.6666666666666,47.0,744.0,4.0,15.8,15.829787234042554
